id,user_id,event,ts,referrer,price
302,63,purchase,2024-01-01 00:03:47,direct,33.84
984,76,impression,2024-01-01 00:06:22,search,52.49
653,23,purchase,2024-01-01 00:16:19,ad,57.77
478,93,click,2024-01-01 00:23:30,direct,11.55
1829,9,purchase,2024-01-01 00:33:20,search,33.26
1864,65,view,2024-01-01 00:34:22,direct,7.27
464,58,impression,2024-01-01 00:44:55,search,9.1
524,88,view,2024-01-01 00:51:49,ad,9.4
1015,7,add_to_cart,2024-01-01 01:10:14,direct,9.57
70,49,purchase,2024-01-01 01:14:21,search,56.66
263,56,click,2024-01-01 01:21:06,direct,43.35
1591,9,purchase,2024-01-01 01:36:52,ad,18.7
48,51,impression,2024-01-01 01:36:52,email,87.68
1849,46,purchase,2024-01-01 01:54:34,ad,78.43
582,20,purchase,2024-01-01 02:03:14,ad,76.48
1275,75,purchase,2024-01-01 02:08:25,ad,84.3
822,82,click,2024-01-01 02:21:12,email,57.96
1728,3,click,2024-01-01 02:28:10,email,84.29
1010,38,view,2024-01-01 02:50:28,email,56.37
781,51,view,2024-01-01 03:01:28,ad,71.92
1165,77,click,2024-01-01 03:10:33,search,5.7
19,23,add_to_cart,2024-01-01 03:11:58,ad,73.24
295,26,impression,2024-01-01 03:17:54,email,77.76
149,55,impression,2024-01-01 03:50:30,email,85.94
2000,43,add_to_cart,2024-01-01 03:56:06,ad,46.71
1149,46,purchase,2024-01-01 04:12:53,email,82.1
1418,20,click,2024-01-01 04:23:25,direct,61.8
475,36,impression,2024-01-01 04:28:07,ad,85.32
42,69,view,2024-01-01 04:33:55,ad,11.96
64,21,purchase,2024-01-01 04:40:39,direct,16.84
638,94,impression,2024-01-01 04:57:53,ad,40.39
550,7,view,2024-01-01 04:59:27,direct,4.7
1880,46,add_to_cart,2024-01-01 05:04:51,direct,43.29
1397,86,view,2024-01-01 05:11:24,search,76.57
297,98,view,2024-01-01 05:15:39,ad,57.56
1430,47,impression,2024-01-01 05:23:48,search,85.45
1250,15,view,2024-01-01 05:28:50,direct,25.82
597,67,view,2024-01-01 05:33:28,email,36.1
1614,38,view,2024-01-01 05:33:59,ad,99.8
1567,72,purchase,2024-01-01 05:47:48,email,70.55
589,73,click,2024-01-01 05:52:45,ad,39.6
910,39,view,2024-01-01 05:54:18,direct,97.4
1438,7,purchase,2024-01-01 06:05:34,email,42.47
1088,79,purchase,2024-01-01 06:10:17,direct,26.94
1629,49,impression,2024-01-01 06:16:57,email,32.69
668,44,view,2024-01-01 06:35:07,direct,40.83
1938,89,view,2024-01-01 06:37:43,search,42.1
458,16,impression,2024-01-01 07:02:31,direct,57.64
682,29,view,2024-01-01 07:27:03,email,15.25
665,65,impression,2024-01-01 07:28:00,email,47.47
280,57,impression,2024-01-01 07:39:23,email,12.24
1386,64,impression,2024-01-01 07:39:23,search,97.66
353,78,purchase,2024-01-01 07:47:14,direct,43.64
570,95,click,2024-01-01 07:47:49,email,16.76
1653,38,purchase,2024-01-01 07:48:35,email,87.38
107,88,impression,2024-01-01 07:51:01,search,86.3
1215,65,add_to_cart,2024-01-01 07:54:03,email,13.26
584,87,click,2024-01-01 07:59:01,direct,92.56
950,88,view,2024-01-01 08:00:13,direct,34.5
891,40,add_to_cart,2024-01-01 08:04:46,ad,53.71
1866,1,purchase,2024-01-01 08:07:22,ad,57.95
1814,63,purchase,2024-01-01 08:24:41,search,87.58
1719,86,view,2024-01-01 09:10:02,search,66.32
229,53,click,2024-01-01 09:14:05,direct,35.96
1298,70,view,2024-01-01 09:24:39,search,22.9
1733,100,click,2024-01-01 09:34:03,ad,31.5
1545,48,purchase,2024-01-01 09:39:42,email,65.71
1931,88,impression,2024-01-01 09:42:00,email,23.13
435,32,purchase,2024-01-01 10:04:56,search,35.4
1387,12,purchase,2024-01-01 10:05:56,ad,7.65
1913,91,add_to_cart,2024-01-01 10:10:14,ad,96.61
966,2,add_to_cart,2024-01-01 10:22:36,email,62.29
118,61,impression,2024-01-01 10:28:25,direct,64.33
438,71,impression,2024-01-01 10:33:03,ad,87.47
606,17,add_to_cart,2024-01-01 10:42:44,ad,18.17
1378,34,impression,2024-01-01 10:50:19,search,38.39
1951,29,add_to_cart,2024-01-01 10:53:29,direct,32.61
301,6,click,2024-01-01 10:54:29,direct,97.26
585,49,impression,2024-01-01 11:00:25,search,52.46
826,85,view,2024-01-01 11:02:29,ad,85.15
444,76,view,2024-01-01 11:06:39,email,16.72
95,70,click,2024-01-01 11:17:23,email,61.27
1192,82,view,2024-01-01 11:35:07,search,5.1
1573,2,view,2024-01-01 11:35:23,search,77.88
165,94,impression,2024-01-01 11:44:29,ad,32.5
1294,93,purchase,2024-01-01 11:48:58,email,75.12
988,91,add_to_cart,2024-01-01 11:57:43,direct,17.34
69,25,impression,2024-01-01 12:07:02,email,85.83
799,87,purchase,2024-01-01 12:10:37,search,96.36
279,52,add_to_cart,2024-01-01 12:20:42,ad,35.92
581,44,purchase,2024-01-01 13:05:39,email,84.43
1276,43,click,2024-01-01 13:44:25,direct,68.94
123,81,impression,2024-01-01 13:48:46,email,85.7
1520,100,add_to_cart,2024-01-01 14:01:53,direct,23.78
627,61,impression,2024-01-01 14:04:32,email,32.95
158,62,impression,2024-01-01 14:14:22,search,86.68
1988,6,view,2024-01-01 14:35:30,email,78.36
543,42,click,2024-01-01 14:37:29,email,87.72
1293,13,purchase,2024-01-01 15:15:23,search,9.47
619,79,impression,2024-01-01 15:28:47,email,91.18
1370,18,impression,2024-01-01 15:35:26,email,52.33
1083,47,impression,2024-01-01 15:35:54,direct,69.27
60,20,purchase,2024-01-01 15:57:38,direct,39.3
460,95,add_to_cart,2024-01-01 16:51:12,search,58.82
772,79,purchase,2024-01-01 16:55:51,email,71.41
804,40,impression,2024-01-01 17:20:31,search,4.5
261,18,purchase,2024-01-01 17:34:11,email,41.23
1735,59,click,2024-01-01 17:35:05,search,17.8
1690,80,add_to_cart,2024-01-01 17:42:21,direct,35.17
610,9,purchase,2024-01-01 17:50:07,email,10.2
1384,31,purchase,2024-01-01 17:50:58,direct,24.56
43,61,purchase,2024-01-01 17:51:29,email,14.19
944,91,view,2024-01-01 17:52:15,search,48.7
1882,98,purchase,2024-01-01 18:04:46,search,90.34
1327,44,impression,2024-01-01 18:11:49,direct,20.6
1014,68,impression,2024-01-01 18:15:13,search,91.54
1307,5,add_to_cart,2024-01-01 18:27:22,ad,95.9
1504,49,purchase,2024-01-01 18:51:01,ad,59.6
1253,64,add_to_cart,2024-01-01 18:58:55,search,6.21
1529,8,add_to_cart,2024-01-01 18:58:58,direct,61.44
1050,14,view,2024-01-01 19:24:22,direct,58.14
680,71,view,2024-01-01 19:43:25,email,38.2
1575,59,view,2024-01-01 19:51:09,direct,37.57
197,46,add_to_cart,2024-01-01 19:56:32,direct,59.85
1360,84,click,2024-01-01 20:03:08,direct,76.33
1910,22,click,2024-01-01 20:19:43,ad,0.66
602,76,click,2024-01-01 20:21:35,direct,64.47
1172,16,purchase,2024-01-01 20:50:00,direct,50.75
180,55,impression,2024-01-01 20:56:41,search,86.27
1546,17,view,2024-01-01 21:37:39,email,83.85
1213,52,add_to_cart,2024-01-01 21:40:19,email,42.0
1051,55,purchase,2024-01-01 21:52:15,email,85.62
397,86,purchase,2024-01-01 22:21:46,ad,73.37
1636,17,add_to_cart,2024-01-01 22:44:16,email,80.8
103,85,view,2024-01-01 22:54:03,search,6.74
1177,5,click,2024-01-01 23:08:02,email,39.85
1268,62,view,2024-01-01 23:31:04,search,44.72
1373,76,purchase,2024-01-01 23:35:49,search,51.18
445,14,view,2024-01-01 23:52:04,ad,8.97
1648,70,add_to_cart,2024-01-01 23:52:11,ad,49.86
99,45,view,2024-01-02 00:21:32,search,89.93
455,19,purchase,2024-01-02 00:32:48,direct,67.14
810,59,add_to_cart,2024-01-02 00:33:52,email,17.64
1559,39,view,2024-01-02 00:42:24,direct,24.15
1753,98,view,2024-01-02 00:46:34,direct,11.61
1352,29,impression,2024-01-02 00:49:39,email,73.3
1237,11,impression,2024-01-02 01:22:23,ad,27.41
909,97,impression,2024-01-02 01:34:14,ad,12.92
1530,20,purchase,2024-01-02 01:37:49,search,19.71
411,17,view,2024-01-02 01:56:50,ad,67.64
1570,95,view,2024-01-02 01:56:57,email,93.16
1272,24,click,2024-01-02 02:01:18,email,7.6
1878,92,impression,2024-01-02 02:25:17,ad,53.8
798,54,add_to_cart,2024-01-02 02:26:15,email,61.83
1766,99,view,2024-01-02 02:43:34,search,66.0
536,58,add_to_cart,2024-01-02 02:56:05,email,99.44
30,76,purchase,2024-01-02 03:02:56,search,34.81
1502,73,impression,2024-01-02 04:11:14,search,32.82
780,57,click,2024-01-02 04:16:51,ad,40.61
1833,93,view,2024-01-02 04:17:27,direct,78.0
1160,92,purchase,2024-01-02 04:25:23,search,72.53
845,96,add_to_cart,2024-01-02 04:58:22,email,65.53
1099,60,click,2024-01-02 05:16:55,email,89.16
1454,38,add_to_cart,2024-01-02 05:19:39,email,62.97
571,32,view,2024-01-02 05:39:09,email,39.71
1216,74,view,2024-01-02 05:42:39,direct,53.62
931,32,purchase,2024-01-02 06:18:46,direct,0.68
419,81,impression,2024-01-02 06:28:13,ad,68.15
1717,18,view,2024-01-02 06:39:14,search,48.83
1049,82,click,2024-01-02 06:52:20,email,46.41
936,29,click,2024-01-02 06:56:42,email,67.19
1458,92,purchase,2024-01-02 07:02:55,email,0.4
728,62,add_to_cart,2024-01-02 07:21:24,direct,63.39
1254,24,view,2024-01-02 07:36:08,ad,92.5
1701,60,purchase,2024-01-02 08:18:41,direct,17.59
270,90,click,2024-01-02 08:19:45,email,88.31
1473,31,purchase,2024-01-02 08:22:54,ad,28.93
886,84,impression,2024-01-02 08:26:02,ad,52.19
678,5,impression,2024-01-02 08:31:17,direct,87.4
1482,29,add_to_cart,2024-01-02 08:46:29,search,56.48
965,77,view,2024-01-02 08:51:10,ad,81.34
807,82,add_to_cart,2024-01-02 09:03:28,search,72.77
1620,99,add_to_cart,2024-01-02 09:09:24,search,11.44
632,25,view,2024-01-02 09:19:50,search,69.43
870,57,view,2024-01-02 09:34:43,search,12.76
1474,40,click,2024-01-02 09:54:15,email,27.93
1326,85,impression,2024-01-02 10:04:21,email,83.21
1004,95,impression,2024-01-02 10:14:35,email,73.31
637,73,impression,2024-01-02 10:18:58,direct,5.25
1841,1,purchase,2024-01-02 10:22:52,direct,87.99
1116,21,add_to_cart,2024-01-02 10:34:12,direct,5.12
566,3,add_to_cart,2024-01-02 10:45:30,search,71.86
1111,57,impression,2024-01-02 10:45:38,email,27.54
872,40,add_to_cart,2024-01-02 10:56:44,ad,31.94
995,41,impression,2024-01-02 10:59:17,search,58.13
1355,59,impression,2024-01-02 11:01:46,search,15.96
535,53,impression,2024-01-02 11:07:54,ad,67.65
1660,97,view,2024-01-02 11:20:26,email,1.7
1886,90,add_to_cart,2024-01-02 11:40:47,direct,2.16
1998,9,add_to_cart,2024-01-02 12:17:17,search,1.26
112,19,purchase,2024-01-02 12:22:47,search,33.26
185,15,add_to_cart,2024-01-02 12:32:45,email,25.18
1207,10,purchase,2024-01-02 12:53:36,ad,59.47
726,28,add_to_cart,2024-01-02 13:11:35,email,24.97
693,26,impression,2024-01-02 13:49:14,email,98.16
192,81,click,2024-01-02 13:56:17,search,96.98
1688,34,purchase,2024-01-02 14:01:44,search,62.7
785,31,add_to_cart,2024-01-02 14:08:24,email,91.1
1285,88,add_to_cart,2024-01-02 14:11:54,ad,62.4
604,51,add_to_cart,2024-01-02 14:17:49,direct,28.3
1503,32,purchase,2024-01-02 14:35:48,search,58.37
1432,78,purchase,2024-01-02 14:36:03,email,37.12
251,48,purchase,2024-01-02 14:57:02,direct,1.53
1035,27,view,2024-01-02 14:57:53,ad,40.8
1832,37,purchase,2024-01-02 14:58:41,search,15.1
929,4,impression,2024-01-02 15:02:01,email,47.7
73,32,purchase,2024-01-02 15:13:13,email,75.7
466,91,impression,2024-01-02 15:18:05,direct,16.35
15,43,view,2024-01-02 15:19:04,email,5.93
1856,98,impression,2024-01-02 15:45:03,direct,30.71
1839,73,impression,2024-01-02 15:50:05,email,61.69
723,92,click,2024-01-02 16:00:19,email,6.37
937,95,add_to_cart,2024-01-02 16:01:07,direct,24.79
380,83,view,2024-01-02 16:03:24,email,3.5
1314,64,click,2024-01-02 16:11:57,ad,49.56
1147,97,click,2024-01-02 16:16:14,direct,44.54
527,95,view,2024-01-02 16:40:42,direct,2.41
545,10,impression,2024-01-02 16:41:24,email,56.8
320,77,view,2024-01-02 17:06:20,search,55.94
1001,30,click,2024-01-02 17:08:22,direct,61.4
1664,100,impression,2024-01-02 17:13:19,ad,39.26
1680,37,add_to_cart,2024-01-02 17:24:37,email,72.72
846,11,add_to_cart,2024-01-02 17:56:19,search,72.7
1309,85,purchase,2024-01-02 17:59:59,search,81.11
269,40,add_to_cart,2024-01-02 18:01:44,search,37.28
1200,37,view,2024-01-02 18:18:16,direct,22.28
248,55,add_to_cart,2024-01-02 18:24:48,search,72.5
1144,30,purchase,2024-01-02 18:24:54,direct,27.11
588,26,click,2024-01-02 18:25:14,direct,29.68
1391,74,click,2024-01-02 19:15:30,email,7.31
1696,92,impression,2024-01-02 19:38:27,direct,4.7
195,78,click,2024-01-02 19:38:52,direct,6.71
339,37,view,2024-01-02 19:45:30,ad,80.56
539,31,click,2024-01-02 19:45:56,ad,32.25
1114,50,purchase,2024-01-02 19:46:03,direct,72.62
850,22,impression,2024-01-02 20:02:31,search,5.54
1644,80,purchase,2024-01-02 20:03:22,search,71.9
1318,79,click,2024-01-02 20:10:15,search,20.57
163,24,add_to_cart,2024-01-02 20:13:30,email,55.77
1448,11,add_to_cart,2024-01-02 20:35:34,email,99.1
1959,23,add_to_cart,2024-01-02 20:36:26,email,88.76
205,92,purchase,2024-01-02 20:53:40,direct,30.34
1409,74,click,2024-01-02 21:04:34,direct,32.77
1453,49,add_to_cart,2024-01-02 21:05:25,email,73.97
1776,37,view,2024-01-02 21:08:56,direct,99.9
159,30,purchase,2024-01-02 21:16:02,email,3.14
587,82,impression,2024-01-02 21:18:54,direct,96.95
866,58,click,2024-01-02 21:25:27,email,92.97
1678,49,view,2024-01-02 21:33:13,ad,57.42
775,91,purchase,2024-01-02 21:40:21,ad,69.45
437,23,click,2024-01-02 21:45:43,ad,30.46
760,23,impression,2024-01-02 21:47:44,search,76.6
1132,41,purchase,2024-01-02 21:56:10,search,15.54
940,68,purchase,2024-01-02 21:56:57,email,58.72
1718,97,click,2024-01-02 22:01:34,search,46.75
1264,63,purchase,2024-01-02 22:25:17,search,25.82
1568,57,click,2024-01-02 22:27:36,ad,65.99
1738,72,impression,2024-01-02 22:37:12,search,66.51
1967,42,purchase,2024-01-02 23:03:19,search,40.71
725,39,click,2024-01-02 23:05:21,search,20.41
1388,3,add_to_cart,2024-01-02 23:22:35,email,8.39
1333,63,view,2024-01-02 23:28:11,search,19.6
292,90,add_to_cart,2024-01-02 23:28:18,ad,19.19
1826,18,add_to_cart,2024-01-02 23:34:35,ad,23.95
1919,94,add_to_cart,2024-01-02 23:44:18,direct,91.94
691,36,add_to_cart,2024-01-02 23:53:27,ad,57.59
1578,27,add_to_cart,2024-01-02 23:55:49,direct,91.94
892,61,add_to_cart,2024-01-03 00:32:07,email,49.31
413,9,click,2024-01-03 00:39:41,search,37.95
743,47,purchase,2024-01-03 01:12:13,search,79.87
1148,43,impression,2024-01-03 01:15:38,search,17.31
661,97,impression,2024-01-03 01:18:53,search,4.16
1221,16,impression,2024-01-03 01:25:03,direct,74.12
1383,37,purchase,2024-01-03 01:40:54,ad,77.82
1514,51,add_to_cart,2024-01-03 01:54:31,search,58.34
330,65,click,2024-01-03 01:56:27,search,20.42
396,36,add_to_cart,2024-01-03 01:56:37,search,48.73
1643,13,purchase,2024-01-03 02:11:32,email,6.22
486,35,purchase,2024-01-03 02:18:08,ad,13.73
1925,100,add_to_cart,2024-01-03 02:34:15,ad,23.17
990,7,click,2024-01-03 02:36:24,email,8.21
100,99,purchase,2024-01-03 02:40:46,email,19.24
1324,83,impression,2024-01-03 02:46:16,direct,76.78
1745,59,impression,2024-01-03 03:03:44,email,21.92
120,51,click,2024-01-03 03:11:30,search,47.36
1306,40,add_to_cart,2024-01-03 03:17:00,search,63.18
600,16,click,2024-01-03 03:17:48,search,57.44
784,22,impression,2024-01-03 03:17:54,search,37.5
855,19,impression,2024-01-03 03:45:37,ad,47.48
446,51,add_to_cart,2024-01-03 04:10:34,direct,75.27
961,62,view,2024-01-03 04:23:42,direct,6.12
351,42,add_to_cart,2024-01-03 04:25:48,search,49.24
1883,16,purchase,2024-01-03 04:40:14,search,34.56
127,46,view,2024-01-03 04:51:06,email,34.36
456,30,click,2024-01-03 04:58:34,direct,60.57
1801,44,impression,2024-01-03 05:22:55,ad,11.7
1070,50,view,2024-01-03 05:28:04,direct,52.87
549,21,view,2024-01-03 05:33:21,ad,39.59
537,9,add_to_cart,2024-01-03 05:52:50,ad,93.82
316,13,impression,2024-01-03 05:56:17,direct,56.15
1850,2,purchase,2024-01-03 06:08:11,direct,23.63
1335,75,click,2024-01-03 07:00:38,search,37.84
1203,81,impression,2024-01-03 07:29:34,direct,41.11
1436,13,click,2024-01-03 07:39:25,email,28.45
1743,10,purchase,2024-01-03 07:48:31,ad,76.18
1681,83,impression,2024-01-03 08:11:45,direct,40.54
501,31,purchase,2024-01-03 08:12:53,direct,39.92
692,93,impression,2024-01-03 08:20:11,ad,16.99
974,52,purchase,2024-01-03 08:54:29,email,46.13
1667,35,purchase,2024-01-03 09:08:48,direct,78.32
1193,54,impression,2024-01-03 09:15:09,ad,5.6
1037,9,impression,2024-01-03 09:17:52,email,2.43
1537,58,impression,2024-01-03 09:19:01,search,51.3
1374,48,impression,2024-01-03 09:25:04,email,4.5
1039,72,add_to_cart,2024-01-03 09:30:31,ad,66.22
506,15,view,2024-01-03 09:43:01,direct,56.84
499,27,click,2024-01-03 09:43:50,direct,48.53
1772,84,impression,2024-01-03 10:25:55,email,87.5
947,63,purchase,2024-01-03 10:43:29,ad,63.55
858,78,impression,2024-01-03 10:44:28,email,83.44
1674,63,purchase,2024-01-03 11:05:25,direct,42.45
182,1,purchase,2024-01-03 11:32:19,direct,36.65
847,3,add_to_cart,2024-01-03 11:34:25,search,86.39
1616,68,add_to_cart,2024-01-03 11:39:47,search,9.9
1854,1,add_to_cart,2024-01-03 11:40:30,ad,73.87
736,44,view,2024-01-03 11:49:24,ad,33.93
191,80,add_to_cart,2024-01-03 11:53:31,email,18.83
1395,48,purchase,2024-01-03 11:54:49,search,81.15
1209,43,add_to_cart,2024-01-03 12:08:48,ad,93.69
1094,59,click,2024-01-03 12:11:17,direct,41.9
1181,81,view,2024-01-03 12:24:39,search,21.47
203,100,purchase,2024-01-03 12:25:43,search,80.3
202,18,click,2024-01-03 12:36:25,search,81.35
427,77,add_to_cart,2024-01-03 12:37:29,direct,17.5
242,2,purchase,2024-01-03 12:38:48,direct,13.74
1334,32,click,2024-01-03 13:01:39,ad,0.54
1765,21,view,2024-01-03 13:19:19,ad,73.66
1870,99,click,2024-01-03 13:24:35,ad,15.44
1244,34,purchase,2024-01-03 13:32:18,direct,17.15
1038,96,view,2024-01-03 13:46:18,search,86.21
832,78,click,2024-01-03 13:59:19,direct,19.58
1441,25,click,2024-01-03 14:04:48,direct,81.74
68,51,purchase,2024-01-03 14:05:09,direct,91.39
1949,42,impression,2024-01-03 14:12:11,direct,41.2
32,24,purchase,2024-01-03 14:17:22,email,29.4
430,24,purchase,2024-01-03 14:19:07,ad,49.58
1331,79,click,2024-01-03 14:25:32,email,30.12
429,26,add_to_cart,2024-01-03 14:52:55,search,12.3
1603,89,view,2024-01-03 15:06:07,email,96.75
959,36,add_to_cart,2024-01-03 15:06:50,ad,88.92
31,7,impression,2024-01-03 15:15:38,email,87.41
1349,35,add_to_cart,2024-01-03 15:24:02,ad,69.52
903,77,impression,2024-01-03 15:25:08,ad,31.89
836,52,impression,2024-01-03 15:30:06,direct,67.57
976,40,impression,2024-01-03 15:39:29,search,46.97
768,35,add_to_cart,2024-01-03 15:43:00,ad,52.88
414,27,click,2024-01-03 15:52:38,email,14.59
1263,58,add_to_cart,2024-01-03 16:00:17,search,49.17
304,55,impression,2024-01-03 16:03:07,direct,70.9
613,62,view,2024-01-03 16:16:30,direct,30.38
1345,50,view,2024-01-03 16:20:20,direct,59.33
766,71,impression,2024-01-03 16:22:58,search,24.2
532,31,add_to_cart,2024-01-03 16:31:35,direct,39.95
172,40,impression,2024-01-03 16:38:31,ad,70.16
1540,24,click,2024-01-03 16:42:28,direct,40.15
174,90,click,2024-01-03 17:02:54,ad,86.95
1868,33,click,2024-01-03 17:05:18,direct,71.71
1879,57,view,2024-01-03 17:08:31,ad,9.1
1310,48,click,2024-01-03 17:20:28,search,57.1
554,18,purchase,2024-01-03 17:20:48,email,57.73
86,100,view,2024-01-03 18:14:18,direct,7.51
424,49,purchase,2024-01-03 18:27:28,email,78.28
830,78,impression,2024-01-03 18:32:15,email,47.78
1421,19,purchase,2024-01-03 18:35:55,search,24.19
1771,59,purchase,2024-01-03 18:39:23,search,72.46
1420,59,add_to_cart,2024-01-03 18:48:06,ad,35.33
796,70,add_to_cart,2024-01-03 18:49:20,search,0.7
1090,46,view,2024-01-03 19:06:12,ad,21.78
183,39,view,2024-01-03 19:11:19,ad,11.96
228,25,purchase,2024-01-03 19:24:37,email,41.43
1223,83,purchase,2024-01-03 19:34:51,search,75.72
1976,91,click,2024-01-03 19:56:40,search,93.59
1330,34,purchase,2024-01-03 19:58:39,ad,84.36
378,35,purchase,2024-01-03 20:07:48,search,55.12
649,60,add_to_cart,2024-01-03 20:27:50,direct,10.55
469,53,click,2024-01-03 21:05:06,search,12.89
603,55,purchase,2024-01-03 21:12:19,search,49.1
1312,60,impression,2024-01-03 21:16:47,email,44.32
335,85,view,2024-01-03 21:26:26,direct,98.51
1191,33,purchase,2024-01-03 21:28:27,email,29.94
1602,31,purchase,2024-01-03 21:35:59,ad,28.81
696,69,click,2024-01-03 22:11:19,search,21.2
1544,98,click,2024-01-03 22:19:29,ad,11.77
1042,40,add_to_cart,2024-01-03 22:26:12,email,80.23
1134,20,purchase,2024-01-03 22:49:33,search,49.11
399,57,view,2024-01-03 22:51:34,ad,35.1
975,1,impression,2024-01-03 22:52:52,search,0.39
1654,38,purchase,2024-01-03 23:05:04,ad,36.97
1346,41,purchase,2024-01-03 23:12:26,ad,34.72
1714,16,view,2024-01-03 23:18:08,search,5.83
89,48,impression,2024-01-03 23:19:38,direct,17.54
1608,96,view,2024-01-03 23:31:41,email,48.5
883,9,purchase,2024-01-03 23:32:11,search,71.63
1750,61,add_to_cart,2024-01-03 23:44:38,email,19.77
281,52,purchase,2024-01-04 00:08:31,direct,29.46
1205,58,impression,2024-01-04 00:44:03,ad,37.72
1273,34,view,2024-01-04 00:45:01,search,98.74
1023,39,click,2024-01-04 00:53:14,email,96.42
848,70,click,2024-01-04 00:55:10,ad,50.32
1323,37,purchase,2024-01-04 01:01:34,direct,70.11
309,69,view,2024-01-04 01:05:28,search,89.58
1842,50,purchase,2024-01-04 01:12:37,ad,58.15
442,7,view,2024-01-04 01:23:59,direct,82.81
967,73,click,2024-01-04 01:42:00,email,70.48
1830,19,add_to_cart,2024-01-04 01:58:07,search,25.31
1233,33,purchase,2024-01-04 02:09:46,search,98.26
512,9,view,2024-01-04 02:10:34,search,67.85
1135,64,click,2024-01-04 02:17:21,email,13.4
1131,76,add_to_cart,2024-01-04 02:33:10,direct,1.1
1066,64,purchase,2024-01-04 02:43:22,email,40.57
1853,34,click,2024-01-04 02:53:51,search,57.23
706,55,click,2024-01-04 03:02:50,direct,10.5
643,89,add_to_cart,2024-01-04 03:03:32,ad,15.47
1468,5,purchase,2024-01-04 03:14:23,search,93.66
1152,17,impression,2024-01-04 04:03:42,email,84.38
852,75,click,2024-01-04 04:10:37,search,8.6
1106,54,purchase,2024-01-04 04:21:11,search,88.47
1550,74,add_to_cart,2024-01-04 04:30:23,ad,91.84
683,64,add_to_cart,2024-01-04 04:36:07,ad,30.63
1443,83,impression,2024-01-04 05:00:37,ad,87.48
346,72,view,2024-01-04 05:00:45,email,59.15
1372,57,purchase,2024-01-04 05:29:20,email,4.22
481,7,click,2024-01-04 06:07:48,direct,75.71
1332,32,purchase,2024-01-04 06:12:32,direct,50.73
1884,31,purchase,2024-01-04 06:34:45,search,95.75
441,74,add_to_cart,2024-01-04 06:37:37,ad,11.84
1792,73,impression,2024-01-04 06:43:07,direct,84.66
1234,37,impression,2024-01-04 07:17:16,search,39.59
660,42,purchase,2024-01-04 07:46:00,direct,3.18
1740,66,purchase,2024-01-04 08:10:34,ad,10.27
912,24,view,2024-01-04 08:13:43,direct,5.72
421,21,view,2024-01-04 08:55:59,direct,74.48
577,43,click,2024-01-04 09:01:13,direct,27.43
184,33,add_to_cart,2024-01-04 09:01:40,direct,86.39
540,89,purchase,2024-01-04 09:04:38,email,77.19
1966,44,impression,2024-01-04 09:07:25,email,16.62
1554,24,view,2024-01-04 09:22:59,email,81.37
964,26,impression,2024-01-04 09:27:27,email,99.41
1658,82,click,2024-01-04 09:33:48,search,69.37
1231,81,add_to_cart,2024-01-04 09:43:19,ad,57.59
28,7,click,2024-01-04 09:45:10,ad,68.93
885,28,impression,2024-01-04 10:03:47,ad,67.4
382,96,purchase,2024-01-04 10:21:22,search,47.55
2,95,view,2024-01-04 10:29:41,email,31.28
88,7,purchase,2024-01-04 10:31:28,ad,24.68
913,75,impression,2024-01-04 10:35:15,direct,94.18
1964,80,purchase,2024-01-04 10:35:18,direct,7.45
497,87,view,2024-01-04 10:40:39,direct,8.18
1851,1,impression,2024-01-04 10:50:23,ad,26.53
1204,68,impression,2024-01-04 10:50:55,ad,1.47
325,97,purchase,2024-01-04 11:08:57,search,60.66
1548,43,impression,2024-01-04 11:10:25,email,28.58
1891,100,click,2024-01-04 11:12:54,ad,3.98
425,88,purchase,2024-01-04 11:22:11,search,81.59
314,55,purchase,2024-01-04 11:35:35,search,18.9
1442,55,click,2024-01-04 12:03:18,email,60.24
1921,59,add_to_cart,2024-01-04 12:12:22,search,10.54
675,45,view,2024-01-04 12:13:32,ad,25.15
758,23,impression,2024-01-04 12:41:41,ad,53.74
447,70,click,2024-01-04 12:57:33,ad,42.99
35,91,view,2024-01-04 12:57:46,direct,27.83
562,92,click,2024-01-04 13:00:48,direct,49.52
1401,98,purchase,2024-01-04 13:07:22,search,36.3
237,72,purchase,2024-01-04 13:12:50,email,85.14
1108,53,add_to_cart,2024-01-04 13:12:52,ad,99.93
87,89,impression,2024-01-04 13:13:46,direct,13.31
1082,71,impression,2024-01-04 13:34:14,direct,97.92
662,92,impression,2024-01-04 13:35:57,email,30.99
1517,38,view,2024-01-04 14:06:22,ad,16.89
285,55,impression,2024-01-04 14:08:15,direct,81.96
1055,3,impression,2024-01-04 14:12:51,ad,86.9
1693,86,view,2024-01-04 14:24:40,search,64.8
1993,84,view,2024-01-04 14:51:36,search,62.24
1583,47,add_to_cart,2024-01-04 15:06:07,ad,90.14
1092,1,add_to_cart,2024-01-04 15:17:59,direct,72.44
1769,80,add_to_cart,2024-01-04 15:20:21,email,19.54
831,96,view,2024-01-04 15:28:14,email,28.17
1414,22,click,2024-01-04 15:31:54,ad,74.13
468,95,view,2024-01-04 15:35:39,search,58.64
217,55,view,2024-01-04 15:53:10,ad,53.68
207,71,view,2024-01-04 16:23:26,email,17.19
857,61,purchase,2024-01-04 16:35:54,direct,87.84
307,95,add_to_cart,2024-01-04 16:49:37,email,37.4
1415,86,add_to_cart,2024-01-04 16:55:52,search,65.84
575,19,add_to_cart,2024-01-04 17:08:38,direct,65.46
34,15,impression,2024-01-04 17:16:49,ad,27.72
1419,74,click,2024-01-04 17:18:42,search,35.81
905,66,purchase,2024-01-04 17:32:33,direct,99.36
218,19,purchase,2024-01-04 17:40:04,email,62.28
1509,17,impression,2024-01-04 17:42:41,search,1.17
1953,67,purchase,2024-01-04 17:45:45,search,85.27
1270,58,view,2024-01-04 17:53:22,search,3.4
369,41,purchase,2024-01-04 18:03:26,email,83.19
639,83,purchase,2024-01-04 18:05:20,ad,69.6
1142,36,impression,2024-01-04 18:38:58,ad,80.95
404,50,click,2024-01-04 18:53:38,search,86.96
199,14,impression,2024-01-04 19:09:55,direct,70.57
546,40,purchase,2024-01-04 19:14:26,search,56.8
1632,54,view,2024-01-04 19:30:16,ad,62.5
364,2,purchase,2024-01-04 19:44:42,direct,63.4
1810,30,purchase,2024-01-04 19:45:56,email,68.73
1671,99,view,2024-01-04 19:49:49,email,37.85
590,97,purchase,2024-01-04 19:59:33,email,47.86
923,98,add_to_cart,2024-01-04 20:03:27,ad,23.69
1031,100,view,2024-01-04 20:08:19,ad,44.39
214,5,impression,2024-01-04 20:11:53,direct,97.73
1672,21,purchase,2024-01-04 20:30:10,email,32.12
572,24,add_to_cart,2024-01-04 20:42:21,ad,82.42
565,7,purchase,2024-01-04 20:44:47,direct,8.42
426,2,purchase,2024-01-04 20:46:54,direct,83.52
423,52,impression,2024-01-04 20:50:09,direct,60.3
1295,57,click,2024-01-04 20:53:05,search,38.41
888,78,view,2024-01-04 20:58:02,search,30.28
1992,40,view,2024-01-04 21:06:35,search,4.25
439,33,purchase,2024-01-04 21:17:08,email,7.5
721,26,purchase,2024-01-04 21:17:36,email,15.34
611,100,impression,2024-01-04 21:18:01,search,27.19
1444,22,view,2024-01-04 21:18:36,ad,52.6
1341,88,view,2024-01-04 21:30:10,email,11.82
1124,74,view,2024-01-04 21:32:42,ad,6.5
1955,12,add_to_cart,2024-01-04 21:36:53,search,41.1
319,24,purchase,2024-01-04 21:42:08,ad,56.1
1428,77,purchase,2024-01-04 21:43:01,direct,43.92
510,34,impression,2024-01-04 21:50:07,email,44.55
1787,5,purchase,2024-01-04 22:13:21,ad,92.49
811,9,click,2024-01-04 22:15:16,email,34.24
1683,37,view,2024-01-04 22:16:03,direct,28.91
1201,48,click,2024-01-04 22:19:28,ad,51.8
1512,11,purchase,2024-01-04 22:26:59,direct,47.43
143,6,purchase,2024-01-04 22:39:54,search,85.13
709,35,add_to_cart,2024-01-04 22:59:17,direct,63.8
1804,29,add_to_cart,2024-01-04 23:26:01,search,77.24
1586,4,view,2024-01-04 23:31:47,ad,54.1
434,4,impression,2024-01-04 23:51:52,search,62.78
1021,45,view,2024-01-04 23:55:46,ad,21.82
1347,26,view,2024-01-04 23:57:04,search,19.96
1342,44,view,2024-01-05 00:01:49,email,23.47
623,3,impression,2024-01-05 00:16:03,direct,67.46
264,15,click,2024-01-05 00:23:36,direct,71.1
628,5,add_to_cart,2024-01-05 00:47:55,search,45.8
1199,29,add_to_cart,2024-01-05 00:48:38,search,15.64
1727,56,view,2024-01-05 01:00:41,direct,20.46
1968,32,purchase,2024-01-05 01:18:28,ad,56.93
651,7,view,2024-01-05 01:39:41,ad,13.1
1627,63,impression,2024-01-05 01:54:58,ad,5.87
895,53,click,2024-01-05 02:04:18,ad,68.92
1102,5,add_to_cart,2024-01-05 02:17:36,ad,62.18
96,60,add_to_cart,2024-01-05 02:31:47,ad,7.21
467,88,view,2024-01-05 02:54:24,email,48.76
1981,15,view,2024-01-05 03:03:18,ad,0.99
85,85,impression,2024-01-05 03:17:21,direct,93.6
1068,64,view,2024-01-05 03:28:54,search,17.24
928,64,click,2024-01-05 03:48:58,search,1.27
379,7,impression,2024-01-05 04:00:10,email,56.21
1751,68,impression,2024-01-05 04:00:49,email,22.6
1940,66,click,2024-01-05 04:00:59,search,9.69
1995,29,purchase,2024-01-05 04:14:19,email,84.62
170,71,click,2024-01-05 04:24:17,email,64.39
1283,75,view,2024-01-05 04:53:21,direct,72.24
485,37,view,2024-01-05 04:58:10,search,76.39
1076,23,impression,2024-01-05 05:21:33,email,21.99
734,35,view,2024-01-05 05:34:41,ad,36.68
860,71,purchase,2024-01-05 05:41:19,ad,67.16
284,34,purchase,2024-01-05 05:41:27,ad,70.37
765,93,add_to_cart,2024-01-05 05:45:10,direct,4.73
1551,91,impression,2024-01-05 05:54:25,search,91.57
265,92,add_to_cart,2024-01-05 06:03:29,direct,10.3
718,69,click,2024-01-05 06:10:03,search,51.16
596,82,purchase,2024-01-05 06:11:55,email,91.66
1917,46,impression,2024-01-05 06:16:46,email,24.52
530,10,impression,2024-01-05 06:28:48,email,31.55
1054,1,click,2024-01-05 06:45:03,search,45.58
1405,80,click,2024-01-05 06:49:15,email,83.52
54,81,add_to_cart,2024-01-05 07:05:18,direct,64.13
1709,3,view,2024-01-05 07:06:27,email,97.62
155,5,purchase,2024-01-05 07:20:56,direct,51.42
642,31,purchase,2024-01-05 07:31:44,ad,83.42
1736,14,purchase,2024-01-05 07:33:19,direct,73.18
1451,15,add_to_cart,2024-01-05 07:42:39,email,0.57
1980,41,impression,2024-01-05 07:56:55,search,69.46
1126,98,click,2024-01-05 08:08:55,direct,54.83
1368,17,view,2024-01-05 08:18:58,email,13.72
1163,25,view,2024-01-05 08:22:35,ad,2.75
1479,44,add_to_cart,2024-01-05 08:22:56,direct,76.6
431,78,purchase,2024-01-05 08:24:52,ad,85.95
1543,81,add_to_cart,2024-01-05 08:25:58,direct,4.71
1492,18,add_to_cart,2024-01-05 08:31:28,search,99.33
1963,5,impression,2024-01-05 08:40:27,email,97.8
1615,69,impression,2024-01-05 08:40:42,email,62.73
387,84,impression,2024-01-05 08:59:45,ad,63.74
1009,54,purchase,2024-01-05 09:01:19,search,93.59
1375,82,impression,2024-01-05 09:03:20,ad,88.3
759,6,add_to_cart,2024-01-05 09:08:13,direct,92.88
57,21,add_to_cart,2024-01-05 09:50:15,ad,69.99
247,40,add_to_cart,2024-01-05 10:04:10,email,87.76
1563,27,add_to_cart,2024-01-05 10:11:28,ad,81.86
1576,83,view,2024-01-05 10:22:40,direct,17.52
1348,48,purchase,2024-01-05 10:26:37,ad,10.85
1062,28,add_to_cart,2024-01-05 10:53:05,email,73.49
987,63,click,2024-01-05 11:20:06,email,87.48
1795,37,view,2024-01-05 11:21:02,email,46.3
1607,60,click,2024-01-05 11:21:42,search,22.94
1498,99,purchase,2024-01-05 11:25:30,search,85.11
1670,9,click,2024-01-05 11:33:40,email,82.7
1003,59,add_to_cart,2024-01-05 11:42:38,ad,94.88
124,70,purchase,2024-01-05 11:49:25,email,84.13
1621,71,click,2024-01-05 12:01:54,email,27.84
771,19,view,2024-01-05 12:16:20,search,90.17
1000,23,purchase,2024-01-05 12:16:51,ad,38.41
884,54,purchase,2024-01-05 12:17:12,direct,44.82
310,25,click,2024-01-05 12:25:50,email,87.29
821,62,add_to_cart,2024-01-05 12:26:09,email,33.49
1557,66,view,2024-01-05 12:36:38,direct,91.95
1299,52,impression,2024-01-05 12:37:25,ad,28.85
44,91,click,2024-01-05 12:41:34,search,87.54
384,16,purchase,2024-01-05 12:59:56,direct,72.87
36,61,view,2024-01-05 13:06:39,search,50.82
1086,55,add_to_cart,2024-01-05 13:15:49,direct,33.44
534,49,add_to_cart,2024-01-05 13:18:12,ad,9.65
321,51,click,2024-01-05 13:38:50,ad,77.32
1494,70,impression,2024-01-05 13:47:33,search,37.2
59,61,impression,2024-01-05 13:54:13,direct,2.14
1958,50,impression,2024-01-05 13:55:05,email,5.74
275,84,view,2024-01-05 14:03:27,email,34.39
1212,34,add_to_cart,2024-01-05 14:23:31,search,81.88
1424,18,click,2024-01-05 14:23:54,ad,92.3
828,11,view,2024-01-05 14:26:01,direct,87.64
1325,85,view,2024-01-05 14:28:35,email,90.3
235,36,purchase,2024-01-05 14:36:35,direct,25.2
1539,47,add_to_cart,2024-01-05 14:37:50,search,11.63
253,1,add_to_cart,2024-01-05 14:45:32,ad,81.58
1246,5,view,2024-01-05 15:09:07,direct,16.25
656,47,add_to_cart,2024-01-05 15:13:50,search,93.45
1908,11,add_to_cart,2024-01-05 15:14:33,email,46.52
484,27,impression,2024-01-05 15:22:04,search,92.6
224,93,click,2024-01-05 15:36:02,direct,10.82
1282,38,impression,2024-01-05 15:36:38,ad,72.72
1243,27,view,2024-01-05 15:43:29,email,12.59
1133,38,click,2024-01-05 15:51:25,direct,61.9
513,62,purchase,2024-01-05 16:04:35,direct,5.28
1574,12,add_to_cart,2024-01-05 16:05:24,search,35.5
655,28,purchase,2024-01-05 16:17:22,search,44.57
1817,43,add_to_cart,2024-01-05 16:21:34,ad,86.89
1319,21,purchase,2024-01-05 16:30:06,ad,4.37
971,58,view,2024-01-05 16:40:11,ad,10.34
1965,72,view,2024-01-05 16:54:19,search,89.68
1579,5,impression,2024-01-05 16:56:32,email,25.26
288,59,impression,2024-01-05 16:58:04,email,43.23
1640,26,click,2024-01-05 17:02:16,ad,82.9
1170,84,impression,2024-01-05 17:05:52,direct,10.65
336,28,view,2024-01-05 17:05:54,direct,84.69
1538,40,add_to_cart,2024-01-05 17:07:58,search,58.56
879,26,view,2024-01-05 17:08:24,ad,84.66
1061,7,click,2024-01-05 17:11:19,direct,53.76
1816,35,click,2024-01-05 17:12:18,search,8.48
1945,79,click,2024-01-05 17:25:45,email,31.94
795,29,add_to_cart,2024-01-05 17:38:52,ad,87.98
1782,68,impression,2024-01-05 17:44:24,ad,20.49
1394,40,purchase,2024-01-05 17:45:03,ad,47.59
717,47,view,2024-01-05 17:46:40,ad,91.4
1399,21,purchase,2024-01-05 17:48:25,email,44.2
552,10,purchase,2024-01-05 17:49:29,search,78.76
1984,29,add_to_cart,2024-01-05 17:53:04,ad,41.92
252,63,click,2024-01-05 17:55:06,direct,13.55
1806,17,view,2024-01-05 17:58:33,direct,33.22
561,28,view,2024-01-05 18:04:43,search,46.47
1081,1,purchase,2024-01-05 18:18:00,email,69.96
1975,86,view,2024-01-05 18:39:16,search,69.44
1487,5,purchase,2024-01-05 18:52:51,search,84.66
1619,61,impression,2024-01-05 18:59:13,search,53.69
518,6,click,2024-01-05 19:18:22,email,0.63
833,32,add_to_cart,2024-01-05 19:24:43,email,53.89
1781,40,purchase,2024-01-05 19:26:44,direct,43.7
818,90,click,2024-01-05 19:38:45,search,11.51
1857,58,add_to_cart,2024-01-05 20:00:19,ad,48.25
666,43,purchase,2024-01-05 20:02:57,search,97.9
1413,100,add_to_cart,2024-01-05 20:23:30,search,59.38
1103,91,impression,2024-01-05 20:36:33,email,80.53
1755,45,click,2024-01-05 20:46:42,search,99.86
1542,43,view,2024-01-05 20:48:34,search,13.51
1642,38,add_to_cart,2024-01-05 21:01:56,search,4.11
1118,24,purchase,2024-01-05 21:05:08,ad,56.58
1480,68,click,2024-01-05 21:06:38,email,83.2
1941,4,click,2024-01-05 21:27:19,direct,23.24
515,89,click,2024-01-05 21:32:37,email,26.38
62,87,add_to_cart,2024-01-05 21:35:56,search,10.93
331,8,add_to_cart,2024-01-05 21:37:56,email,88.63
640,1,click,2024-01-05 21:38:23,search,4.96
5,46,impression,2024-01-05 21:40:28,ad,3.11
1585,55,view,2024-01-05 21:44:11,direct,86.95
121,11,impression,2024-01-05 21:46:30,email,56.69
219,75,purchase,2024-01-05 21:52:03,direct,55.62
116,15,click,2024-01-05 21:52:40,search,1.58
395,76,add_to_cart,2024-01-05 22:15:19,search,61.13
370,50,click,2024-01-05 22:31:07,ad,60.33
1673,69,purchase,2024-01-05 22:45:58,search,92.74
17,25,purchase,2024-01-05 23:18:46,email,10.7
24,17,purchase,2024-01-05 23:38:31,email,20.47
428,81,view,2024-01-05 23:40:24,direct,38.63
56,84,add_to_cart,2024-01-05 23:41:32,ad,19.47
193,50,click,2024-01-06 00:06:17,direct,99.54
935,91,add_to_cart,2024-01-06 00:17:23,search,22.13
814,87,click,2024-01-06 00:19:15,direct,1.94
1972,49,impression,2024-01-06 00:35:16,search,90.56
930,15,view,2024-01-06 00:46:15,direct,84.62
645,12,purchase,2024-01-06 00:47:53,search,49.43
1287,23,click,2024-01-06 01:10:40,direct,2.67
601,79,purchase,2024-01-06 01:15:54,search,53.6
1676,17,purchase,2024-01-06 01:23:42,direct,12.36
461,44,purchase,2024-01-06 01:24:23,direct,7.61
956,55,add_to_cart,2024-01-06 01:43:08,ad,72.3
1649,47,impression,2024-01-06 01:43:09,search,68.0
592,43,view,2024-01-06 02:05:44,email,99.48
1742,38,view,2024-01-06 02:19:37,email,21.28
663,42,click,2024-01-06 02:21:05,direct,46.49
1369,16,add_to_cart,2024-01-06 02:46:04,email,36.68
553,32,view,2024-01-06 03:08:56,direct,59.74
993,86,impression,2024-01-06 03:15:26,ad,32.31
1767,55,view,2024-01-06 03:40:08,search,83.26
1459,51,view,2024-01-06 03:46:33,direct,93.47
1970,2,impression,2024-01-06 03:46:55,ad,45.92
1167,60,view,2024-01-06 04:06:24,search,54.89
1909,60,purchase,2024-01-06 04:12:29,search,19.38
483,75,impression,2024-01-06 04:20:19,ad,45.85
573,12,purchase,2024-01-06 04:26:27,email,85.89
1990,17,click,2024-01-06 04:40:51,direct,14.12
1411,58,add_to_cart,2024-01-06 04:50:28,email,54.48
133,99,purchase,2024-01-06 04:53:41,ad,42.98
1835,68,add_to_cart,2024-01-06 04:54:48,ad,63.73
189,29,click,2024-01-06 05:05:46,email,91.89
1754,48,click,2024-01-06 05:06:12,direct,77.69
1412,80,impression,2024-01-06 05:40:58,ad,58.32
1304,59,view,2024-01-06 05:53:53,direct,23.77
773,72,add_to_cart,2024-01-06 06:00:38,email,67.48
1977,74,impression,2024-01-06 06:06:20,email,76.7
741,48,add_to_cart,2024-01-06 06:12:33,direct,9.49
81,49,add_to_cart,2024-01-06 06:45:03,ad,31.6
998,4,view,2024-01-06 07:04:42,search,42.56
268,32,purchase,2024-01-06 07:18:37,search,57.2
1311,50,view,2024-01-06 07:20:20,direct,26.31
105,55,impression,2024-01-06 07:21:44,direct,7.65
1510,23,click,2024-01-06 07:33:34,email,42.45
1032,67,purchase,2024-01-06 07:39:45,search,58.26
1115,21,impression,2024-01-06 07:50:47,search,87.97
1877,36,impression,2024-01-06 07:51:28,email,21.81
599,79,click,2024-01-06 07:57:46,search,55.11
1859,76,click,2024-01-06 08:06:10,direct,1.22
1100,76,view,2024-01-06 08:09:28,ad,18.91
1862,85,view,2024-01-06 08:10:51,direct,71.72
754,6,view,2024-01-06 08:12:21,search,75.43
1005,18,impression,2024-01-06 08:18:06,search,48.35
1040,27,add_to_cart,2024-01-06 08:20:07,direct,42.71
983,66,impression,2024-01-06 08:28:09,search,49.1
1796,79,click,2024-01-06 08:29:03,direct,20.11
1584,93,impression,2024-01-06 08:40:27,ad,71.61
1159,82,purchase,2024-01-06 08:42:38,ad,40.16
809,69,add_to_cart,2024-01-06 08:46:41,search,82.69
899,71,view,2024-01-06 08:50:00,direct,61.26
1552,14,view,2024-01-06 09:01:18,direct,12.97
1847,19,view,2024-01-06 09:04:12,search,23.7
711,94,click,2024-01-06 09:21:00,direct,31.87
1635,86,add_to_cart,2024-01-06 09:27:05,search,21.98
156,16,impression,2024-01-06 09:57:02,ad,8.98
932,34,purchase,2024-01-06 10:05:11,ad,1.2
140,82,click,2024-01-06 10:13:23,ad,55.16
505,47,impression,2024-01-06 10:37:44,ad,86.1
1477,38,view,2024-01-06 10:48:58,search,48.81
1918,26,purchase,2024-01-06 10:54:17,direct,50.31
16,22,impression,2024-01-06 11:13:06,search,68.15
1019,25,click,2024-01-06 11:13:56,ad,13.98
389,95,impression,2024-01-06 11:17:35,ad,58.32
1249,7,purchase,2024-01-06 11:26:10,email,9.2
1989,4,view,2024-01-06 11:36:02,email,52.82
776,61,impression,2024-01-06 11:55:06,ad,78.61
1663,93,click,2024-01-06 11:56:50,direct,68.7
533,38,view,2024-01-06 12:06:20,direct,28.42
1532,54,click,2024-01-06 12:15:01,direct,64.6
558,58,click,2024-01-06 12:52:55,direct,91.1
273,86,click,2024-01-06 12:54:51,search,54.95
948,84,impression,2024-01-06 12:55:54,ad,72.12
1957,39,purchase,2024-01-06 13:06:30,direct,50.31
436,52,view,2024-01-06 13:25:54,search,27.56
1110,56,purchase,2024-01-06 13:30:30,email,8.68
1178,65,purchase,2024-01-06 13:36:21,direct,15.1
1821,27,impression,2024-01-06 13:40:02,direct,36.11
1470,12,click,2024-01-06 13:42:25,direct,43.62
244,1,impression,2024-01-06 13:47:25,email,50.91
1371,52,add_to_cart,2024-01-06 13:53:43,direct,83.62
84,97,purchase,2024-01-06 14:16:27,email,54.52
1400,60,click,2024-01-06 14:29:27,ad,95.88
324,77,add_to_cart,2024-01-06 14:38:57,email,73.5
80,43,click,2024-01-06 14:39:15,email,92.73
1297,8,view,2024-01-06 14:43:03,direct,81.62
1662,51,purchase,2024-01-06 14:47:06,direct,73.76
1045,40,purchase,2024-01-06 14:53:47,search,57.75
1143,6,click,2024-01-06 15:01:44,email,52.78
1815,1,purchase,2024-01-06 15:03:11,search,61.14
1267,31,add_to_cart,2024-01-06 15:03:57,email,61.69
1018,35,impression,2024-01-06 15:17:57,direct,89.68
1652,21,purchase,2024-01-06 15:32:59,email,64.13
23,55,view,2024-01-06 15:44:07,email,35.58
196,1,purchase,2024-01-06 15:52:44,search,15.58
1885,76,add_to_cart,2024-01-06 16:08:21,search,52.21
154,36,purchase,2024-01-06 16:11:35,direct,28.3
763,4,add_to_cart,2024-01-06 16:18:15,ad,21.67
1173,94,view,2024-01-06 16:28:56,email,39.89
997,3,view,2024-01-06 16:44:26,search,42.79
1592,85,purchase,2024-01-06 16:55:11,direct,26.96
1978,83,add_to_cart,2024-01-06 17:12:16,ad,8.67
593,55,click,2024-01-06 17:24:11,search,20.25
1125,53,impression,2024-01-06 17:29:55,ad,92.89
1986,30,click,2024-01-06 18:10:09,email,24.67
1511,19,click,2024-01-06 18:16:33,direct,79.34
1705,89,add_to_cart,2024-01-06 18:24:47,search,57.2
1087,43,click,2024-01-06 18:39:34,direct,56.15
403,43,click,2024-01-06 18:41:40,search,81.24
641,35,purchase,2024-01-06 18:41:45,ad,36.45
1210,77,impression,2024-01-06 18:58:14,email,19.0
1598,23,impression,2024-01-06 19:04:58,email,48.49
82,99,purchase,2024-01-06 19:19:28,search,24.12
52,78,impression,2024-01-06 19:26:48,direct,92.92
871,74,add_to_cart,2024-01-06 19:59:16,search,57.76
946,25,add_to_cart,2024-01-06 20:06:07,ad,89.21
188,52,impression,2024-01-06 20:12:36,ad,58.53
1085,66,impression,2024-01-06 20:17:29,search,38.4
1452,87,purchase,2024-01-06 20:19:48,search,26.97
1713,24,impression,2024-01-06 20:23:57,ad,60.58
999,75,purchase,2024-01-06 20:26:35,search,55.83
508,34,click,2024-01-06 20:38:10,email,53.34
230,74,add_to_cart,2024-01-06 20:53:43,direct,32.1
746,76,click,2024-01-06 21:02:54,ad,96.18
1858,59,purchase,2024-01-06 21:12:08,ad,94.19
1497,72,purchase,2024-01-06 21:14:40,direct,30.0
1819,79,add_to_cart,2024-01-06 21:17:46,ad,66.68
1840,6,purchase,2024-01-06 21:30:36,ad,64.44
1631,28,view,2024-01-06 21:33:17,direct,65.65
1589,48,impression,2024-01-06 21:39:37,ad,25.34
797,29,view,2024-01-06 21:41:43,search,52.83
1425,45,view,2024-01-06 21:51:57,search,37.33
753,6,view,2024-01-06 21:54:30,search,20.5
1812,38,add_to_cart,2024-01-06 22:07:38,email,72.61
440,35,add_to_cart,2024-01-06 22:11:25,ad,24.15
1609,28,click,2024-01-06 22:34:58,direct,35.71
398,94,view,2024-01-06 23:04:27,email,2.84
1979,36,purchase,2024-01-06 23:29:19,direct,57.37
83,56,purchase,2024-01-06 23:43:57,direct,84.55
1464,64,view,2024-01-06 23:57:35,direct,39.16
853,76,click,2024-01-07 00:02:12,search,36.52
1580,3,add_to_cart,2024-01-07 00:10:07,email,87.44
953,10,purchase,2024-01-07 00:14:53,ad,26.75
1185,6,impression,2024-01-07 00:21:44,ad,67.8
1202,66,impression,2024-01-07 00:25:50,email,36.99
707,39,view,2024-01-07 00:44:37,search,83.26
1069,15,click,2024-01-07 01:04:18,direct,71.64
1208,98,impression,2024-01-07 01:19:41,email,98.99
1855,71,impression,2024-01-07 01:33:26,ad,12.92
1356,78,click,2024-01-07 02:03:26,direct,22.21
829,8,add_to_cart,2024-01-07 02:05:13,search,88.15
1337,25,impression,2024-01-07 02:21:24,search,26.21
657,1,add_to_cart,2024-01-07 02:24:48,direct,35.81
686,61,add_to_cart,2024-01-07 02:32:25,ad,78.11
1113,71,click,2024-01-07 02:46:30,direct,36.43
962,65,impression,2024-01-07 03:29:12,search,29.9
1692,18,click,2024-01-07 03:29:59,ad,93.9
1971,99,view,2024-01-07 03:43:52,search,32.5
520,21,click,2024-01-07 03:43:54,ad,68.9
1694,37,impression,2024-01-07 03:48:08,direct,74.74
257,65,purchase,2024-01-07 03:55:50,email,41.31
825,55,purchase,2024-01-07 04:04:44,ad,88.3
514,45,impression,2024-01-07 04:10:38,email,76.7
49,93,view,2024-01-07 04:16:42,email,98.82
1596,17,view,2024-01-07 04:28:15,search,30.65
1604,9,purchase,2024-01-07 04:31:15,direct,99.92
586,28,click,2024-01-07 04:35:30,search,56.78
1129,74,add_to_cart,2024-01-07 04:57:20,email,16.75
1486,98,add_to_cart,2024-01-07 05:00:27,search,38.53
125,28,purchase,2024-01-07 05:07:47,ad,33.14
701,93,add_to_cart,2024-01-07 05:15:30,email,78.68
1186,19,add_to_cart,2024-01-07 05:46:21,search,91.73
838,97,view,2024-01-07 05:46:27,direct,7.7
1844,99,view,2024-01-07 06:08:40,email,1.86
531,14,purchase,2024-01-07 06:12:10,email,67.1
11,80,click,2024-01-07 06:12:24,search,35.19
1078,35,add_to_cart,2024-01-07 06:14:27,email,70.65
278,89,view,2024-01-07 06:31:47,direct,24.27
1710,9,view,2024-01-07 06:48:10,email,8.33
448,75,click,2024-01-07 06:48:58,ad,76.0
547,21,impression,2024-01-07 06:54:18,search,35.75
417,31,add_to_cart,2024-01-07 07:09:11,search,71.46
842,36,impression,2024-01-07 07:17:12,email,91.74
1828,28,click,2024-01-07 07:27:42,ad,30.94
1946,21,view,2024-01-07 07:32:42,direct,25.58
1597,44,impression,2024-01-07 07:33:02,direct,88.85
1266,36,click,2024-01-07 07:35:18,direct,48.91
451,91,impression,2024-01-07 08:12:47,ad,16.1
216,73,impression,2024-01-07 08:20:15,direct,38.96
1888,60,impression,2024-01-07 08:42:14,ad,26.21
272,72,impression,2024-01-07 08:52:44,direct,60.7
1475,22,view,2024-01-07 08:54:27,ad,75.64
1222,1,view,2024-01-07 09:10:41,direct,81.5
1396,66,click,2024-01-07 09:23:48,search,30.47
1803,88,add_to_cart,2024-01-07 09:36:54,search,44.35
1987,39,purchase,2024-01-07 09:37:57,email,98.7
1153,62,add_to_cart,2024-01-07 09:54:04,ad,66.77
1808,75,view,2024-01-07 10:21:52,email,64.37
362,28,click,2024-01-07 10:46:49,direct,90.48
1367,31,impression,2024-01-07 10:50:28,ad,18.72
1799,63,purchase,2024-01-07 10:55:40,ad,75.25
283,7,purchase,2024-01-07 11:02:52,email,35.5
1423,60,add_to_cart,2024-01-07 11:08:56,ad,84.4
392,24,impression,2024-01-07 11:09:41,ad,75.38
39,73,impression,2024-01-07 11:34:26,ad,95.74
1950,23,add_to_cart,2024-01-07 11:39:40,ad,95.7
225,64,view,2024-01-07 11:47:05,email,17.59
1161,96,add_to_cart,2024-01-07 11:47:08,ad,69.87
371,48,view,2024-01-07 11:55:31,ad,79.88
1362,49,purchase,2024-01-07 11:58:19,search,49.71
774,36,view,2024-01-07 12:07:31,direct,22.58
1265,36,view,2024-01-07 12:15:44,email,80.69
1084,4,impression,2024-01-07 12:25:52,ad,13.94
955,93,add_to_cart,2024-01-07 12:39:11,ad,9.38
1779,57,add_to_cart,2024-01-07 12:39:49,search,89.2
1252,93,impression,2024-01-07 12:48:02,search,15.5
1059,63,view,2024-01-07 12:59:34,search,14.23
1757,9,purchase,2024-01-07 13:05:44,ad,5.89
607,6,view,2024-01-07 13:23:52,direct,36.6
917,34,purchase,2024-01-07 13:29:23,search,72.31
677,57,view,2024-01-07 13:39:31,search,91.56
1852,45,add_to_cart,2024-01-07 13:58:24,direct,46.51
1353,13,click,2024-01-07 14:01:07,search,38.1
410,44,purchase,2024-01-07 14:11:00,email,25.16
770,41,add_to_cart,2024-01-07 14:30:03,direct,94.93
685,68,view,2024-01-07 14:32:19,direct,59.7
1744,28,add_to_cart,2024-01-07 14:43:36,email,79.84
1618,99,click,2024-01-07 14:45:13,email,66.8
1845,59,add_to_cart,2024-01-07 15:03:52,direct,48.74
1914,15,impression,2024-01-07 15:09:59,email,1.98
487,25,add_to_cart,2024-01-07 15:11:21,ad,19.84
274,42,click,2024-01-07 15:11:45,ad,45.89
1587,100,purchase,2024-01-07 15:13:07,ad,3.48
989,78,impression,2024-01-07 15:20:28,direct,34.63
1157,96,view,2024-01-07 15:30:00,search,30.63
1130,22,purchase,2024-01-07 15:31:10,search,66.87
1380,88,view,2024-01-07 15:31:26,direct,29.17
1366,69,purchase,2024-01-07 15:54:01,search,14.53
1684,24,purchase,2024-01-07 15:55:11,search,35.46
1206,92,view,2024-01-07 15:56:10,email,94.79
286,72,add_to_cart,2024-01-07 15:57:27,email,13.1
938,61,view,2024-01-07 16:13:08,ad,45.34
1912,79,view,2024-01-07 16:26:43,direct,68.1
1128,89,add_to_cart,2024-01-07 16:27:05,email,27.61
104,21,add_to_cart,2024-01-07 16:37:47,search,64.67
153,94,click,2024-01-07 16:41:24,search,44.39
618,43,view,2024-01-07 17:25:22,ad,80.65
699,13,impression,2024-01-07 17:25:53,direct,32.25
1863,18,click,2024-01-07 17:53:17,direct,50.12
1677,34,view,2024-01-07 18:30:19,search,24.4
1533,81,add_to_cart,2024-01-07 18:33:24,ad,21.9
1271,62,view,2024-01-07 18:33:33,search,3.99
859,53,view,2024-01-07 18:43:33,direct,22.68
76,44,add_to_cart,2024-01-07 19:18:13,direct,29.8
1336,70,purchase,2024-01-07 19:18:23,direct,25.12
4,88,purchase,2024-01-07 19:22:25,direct,75.54
1101,75,click,2024-01-07 19:26:18,direct,31.97
1915,82,add_to_cart,2024-01-07 19:39:21,email,37.76
541,88,click,2024-01-07 19:49:08,email,22.98
803,86,purchase,2024-01-07 19:58:04,email,22.53
630,36,view,2024-01-07 19:59:51,ad,98.74
1704,81,view,2024-01-07 20:12:46,email,96.65
9,3,impression,2024-01-07 20:26:49,search,0.97
381,74,add_to_cart,2024-01-07 20:45:30,direct,7.37
1104,7,click,2024-01-07 20:47:32,ad,57.9
954,43,impression,2024-01-07 20:54:24,ad,96.91
615,51,add_to_cart,2024-01-07 20:56:06,ad,81.79
161,33,purchase,2024-01-07 20:56:40,email,4.13
608,12,view,2024-01-07 21:03:53,ad,97.9
594,94,view,2024-01-07 21:44:22,email,32.6
1907,51,add_to_cart,2024-01-07 21:54:50,direct,11.56
1822,90,click,2024-01-07 22:00:55,email,86.95
50,89,impression,2024-01-07 22:03:36,email,14.37
470,68,view,2024-01-07 22:04:14,ad,83.83
1960,39,impression,2024-01-07 22:17:18,email,47.98
1890,97,impression,2024-01-07 22:18:26,ad,60.7
1063,41,click,2024-01-07 22:23:34,search,23.62
1724,83,view,2024-01-07 22:28:50,search,21.29
1916,22,impression,2024-01-07 22:30:54,email,0.7
1939,35,click,2024-01-07 22:32:27,direct,7.34
340,34,purchase,2024-01-07 22:44:17,ad,26.34
1901,19,click,2024-01-07 22:52:33,search,69.34
1927,44,impression,2024-01-07 23:04:04,search,79.57
887,19,add_to_cart,2024-01-07 23:24:10,ad,48.23
227,37,purchase,2024-01-07 23:39:12,email,41.27
1075,71,click,2024-01-07 23:52:05,direct,28.68
1357,4,add_to_cart,2024-01-08 00:13:23,search,24.16
1290,94,purchase,2024-01-08 00:16:59,ad,41.7
186,94,impression,2024-01-08 00:18:45,ad,5.31
616,23,impression,2024-01-08 00:52:49,direct,8.14
327,74,click,2024-01-08 00:56:20,ad,81.62
1465,62,purchase,2024-01-08 01:01:17,email,49.64
1687,97,purchase,2024-01-08 01:12:12,direct,45.99
72,7,view,2024-01-08 01:20:53,ad,8.43
658,35,view,2024-01-08 01:23:15,ad,9.85
1176,25,view,2024-01-08 01:27:23,direct,14.58
1937,31,click,2024-01-08 01:38:06,email,47.59
290,12,impression,2024-01-08 01:58:49,email,8.51
1422,57,add_to_cart,2024-01-08 02:17:24,email,7.76
1067,3,add_to_cart,2024-01-08 02:40:56,email,45.1
1630,100,purchase,2024-01-08 02:53:08,email,3.66
1427,33,view,2024-01-08 02:54:17,ad,74.9
1824,99,add_to_cart,2024-01-08 02:56:43,ad,60.4
1280,58,add_to_cart,2024-01-08 03:28:34,email,94.89
71,70,purchase,2024-01-08 03:49:37,ad,15.31
591,59,click,2024-01-08 03:54:13,direct,59.98
402,4,add_to_cart,2024-01-08 04:00:23,direct,77.45
106,85,click,2024-01-08 04:46:04,direct,23.8
1646,23,click,2024-01-08 04:48:10,search,57.8
21,35,purchase,2024-01-08 04:57:36,email,98.37
1218,22,impression,2024-01-08 05:01:44,search,11.5
459,12,purchase,2024-01-08 05:07:56,direct,78.5
1522,81,purchase,2024-01-08 05:12:23,email,87.93
66,49,purchase,2024-01-08 05:23:52,email,67.77
190,30,impression,2024-01-08 05:43:47,ad,63.51
1601,51,impression,2024-01-08 05:52:30,ad,25.79
1292,19,impression,2024-01-08 06:12:43,direct,99.14
313,18,view,2024-01-08 06:27:55,email,82.19
933,63,view,2024-01-08 06:34:38,search,68.36
1316,68,purchase,2024-01-08 07:06:34,search,48.44
348,7,purchase,2024-01-08 07:14:03,search,65.9
1820,82,purchase,2024-01-08 07:20:50,direct,89.33
827,78,view,2024-01-08 07:27:09,search,39.2
130,87,add_to_cart,2024-01-08 07:47:22,ad,64.62
147,100,add_to_cart,2024-01-08 07:51:59,ad,52.3
479,46,click,2024-01-08 07:55:29,search,95.94
1656,5,add_to_cart,2024-01-08 08:01:23,ad,60.2
1928,64,purchase,2024-01-08 08:04:41,search,89.79
1006,2,add_to_cart,2024-01-08 08:16:50,email,46.14
893,93,add_to_cart,2024-01-08 08:23:18,email,26.42
516,80,click,2024-01-08 08:36:17,direct,98.17
945,12,view,2024-01-08 08:47:06,email,7.81
198,91,add_to_cart,2024-01-08 08:52:30,search,96.56
720,65,view,2024-01-08 09:08:51,email,40.3
1363,5,impression,2024-01-08 09:09:21,email,70.41
303,44,add_to_cart,2024-01-08 09:32:27,direct,20.3
386,7,purchase,2024-01-08 09:49:37,email,78.48
358,30,add_to_cart,2024-01-08 09:51:11,ad,58.41
911,29,add_to_cart,2024-01-08 09:55:07,direct,47.4
40,59,click,2024-01-08 09:57:10,email,74.51
1381,14,add_to_cart,2024-01-08 10:24:53,search,95.56
1699,69,click,2024-01-08 10:28:28,email,46.5
1389,99,impression,2024-01-08 10:30:39,ad,17.99
783,82,click,2024-01-08 10:31:22,email,50.44
128,5,impression,2024-01-08 10:51:13,ad,91.43
1666,93,impression,2024-01-08 10:51:23,direct,20.23
727,35,view,2024-01-08 10:52:05,direct,63.65
1189,55,add_to_cart,2024-01-08 11:09:16,email,47.2
1759,98,view,2024-01-08 11:17:13,email,44.75
1613,16,view,2024-01-08 11:33:52,search,19.41
213,37,click,2024-01-08 11:37:13,email,49.98
1889,27,view,2024-01-08 11:47:15,email,13.12
77,57,impression,2024-01-08 11:49:44,ad,42.9
164,53,click,2024-01-08 12:03:41,email,49.73
968,87,view,2024-01-08 12:07:20,direct,23.87
1119,12,impression,2024-01-08 12:12:29,ad,54.25
1778,74,add_to_cart,2024-01-08 12:31:11,ad,95.29
970,75,impression,2024-01-08 12:37:49,ad,31.91
629,61,impression,2024-01-08 12:44:37,email,30.93
750,49,click,2024-01-08 12:51:07,search,60.66
788,84,click,2024-01-08 13:18:15,direct,25.68
246,39,impression,2024-01-08 13:48:27,ad,13.89
1302,76,click,2024-01-08 13:59:28,direct,89.73
368,72,view,2024-01-08 14:15:22,search,92.18
206,29,view,2024-01-08 14:29:09,direct,40.69
1768,51,purchase,2024-01-08 14:31:11,email,52.46
919,94,impression,2024-01-08 14:33:07,direct,32.97
1217,29,impression,2024-01-08 14:46:26,search,18.91
78,19,click,2024-01-08 14:49:19,search,35.85
194,88,add_to_cart,2024-01-08 14:55:58,direct,22.89
1229,88,purchase,2024-01-08 14:56:24,ad,17.99
1328,80,view,2024-01-08 15:17:31,email,42.26
1929,7,click,2024-01-08 15:32:45,ad,24.41
991,100,add_to_cart,2024-01-08 15:42:51,search,35.53
1053,58,purchase,2024-01-08 15:46:40,ad,75.14
333,92,add_to_cart,2024-01-08 15:48:57,ad,58.11
1952,30,impression,2024-01-08 15:56:23,direct,25.46
1080,59,purchase,2024-01-08 15:59:36,direct,99.69
1725,65,impression,2024-01-08 16:07:36,direct,65.82
1093,87,click,2024-01-08 16:09:28,direct,76.68
1240,76,impression,2024-01-08 16:34:09,ad,86.38
1708,30,impression,2024-01-08 16:34:36,ad,45.5
1043,82,impression,2024-01-08 16:50:07,direct,81.84
1838,61,purchase,2024-01-08 16:50:34,ad,6.67
564,41,impression,2024-01-08 16:58:07,email,80.82
1071,55,impression,2024-01-08 17:01:09,search,53.9
1612,21,purchase,2024-01-08 17:26:48,search,90.19
1390,14,view,2024-01-08 17:29:44,search,22.24
1150,79,purchase,2024-01-08 17:40:01,search,70.76
659,60,impression,2024-01-08 17:41:47,email,46.65
1463,87,purchase,2024-01-08 17:47:03,email,28.88
29,99,add_to_cart,2024-01-08 17:50:33,direct,20.59
1565,40,view,2024-01-08 17:52:59,ad,84.75
790,72,click,2024-01-08 18:26:58,ad,17.13
1344,78,view,2024-01-08 18:36:50,search,5.33
747,56,purchase,2024-01-08 18:38:23,email,77.65
992,52,view,2024-01-08 18:46:58,email,61.9
712,74,add_to_cart,2024-01-08 18:51:58,search,38.58
969,52,click,2024-01-08 19:00:40,ad,10.98
740,55,add_to_cart,2024-01-08 19:13:16,ad,46.7
548,46,impression,2024-01-08 19:17:58,email,45.64
115,73,view,2024-01-08 19:23:12,ad,58.4
409,91,view,2024-01-08 19:29:17,search,95.53
12,99,add_to_cart,2024-01-08 19:31:49,direct,97.43
778,91,click,2024-01-08 19:41:56,ad,28.38
433,62,click,2024-01-08 19:52:01,search,53.83
1800,42,purchase,2024-01-08 19:55:50,email,94.9
1274,87,add_to_cart,2024-01-08 19:58:24,search,20.12
347,14,view,2024-01-08 20:00:43,direct,63.91
1962,33,impression,2024-01-08 20:06:42,ad,11.87
1715,68,click,2024-01-08 20:33:25,search,13.9
232,10,click,2024-01-08 20:53:28,ad,44.28
415,56,impression,2024-01-08 20:56:11,ad,18.96
418,66,view,2024-01-08 21:01:22,direct,50.1
1641,8,impression,2024-01-08 21:08:50,ad,3.58
267,58,purchase,2024-01-08 21:26:24,search,88.6
1634,93,view,2024-01-08 21:31:22,search,65.1
1764,90,impression,2024-01-08 21:45:15,direct,90.95
1625,78,purchase,2024-01-08 21:47:42,email,14.85
33,44,add_to_cart,2024-01-08 21:58:26,search,51.34
245,20,purchase,2024-01-08 22:00:06,email,9.75
493,26,view,2024-01-08 22:07:35,email,3.23
1402,35,view,2024-01-08 22:13:37,ad,6.2
1807,65,add_to_cart,2024-01-08 22:14:11,direct,64.13
1379,89,purchase,2024-01-08 22:23:56,ad,62.89
972,24,add_to_cart,2024-01-08 22:36:13,direct,48.91
1169,26,add_to_cart,2024-01-08 22:43:11,ad,35.1
1549,69,purchase,2024-01-08 23:03:18,ad,71.98
1599,74,click,2024-01-08 23:30:50,ad,87.4
1524,77,view,2024-01-08 23:32:31,ad,52.56
1521,87,purchase,2024-01-08 23:34:32,email,99.45
1429,71,purchase,2024-01-08 23:34:36,ad,87.68
578,11,click,2024-01-08 23:37:30,email,24.28
166,8,view,2024-01-08 23:39:51,direct,0.66
843,44,add_to_cart,2024-01-08 23:47:29,direct,11.65
767,26,view,2024-01-08 23:51:59,ad,40.53
704,36,add_to_cart,2024-01-08 23:53:37,search,21.84
1902,24,purchase,2024-01-08 23:58:41,search,17.89
1770,30,add_to_cart,2024-01-09 00:05:09,direct,33.68
1179,70,click,2024-01-09 00:30:05,direct,89.1
1403,46,purchase,2024-01-09 00:46:55,direct,28.82
420,8,click,2024-01-09 00:50:17,email,47.86
652,81,add_to_cart,2024-01-09 00:54:07,ad,84.37
1284,85,click,2024-01-09 00:58:59,direct,69.39
1867,14,purchase,2024-01-09 01:11:06,direct,33.46
1831,81,purchase,2024-01-09 01:11:47,direct,19.99
1894,89,click,2024-01-09 01:21:05,search,10.83
667,90,purchase,2024-01-09 01:22:58,ad,67.46
1706,66,click,2024-01-09 01:29:06,ad,72.72
249,89,click,2024-01-09 01:44:14,search,68.54
598,13,impression,2024-01-09 01:46:07,direct,34.57
315,7,click,2024-01-09 01:46:36,ad,21.39
523,4,view,2024-01-09 01:48:26,direct,55.2
1158,18,add_to_cart,2024-01-09 01:49:38,ad,67.1
1903,32,view,2024-01-09 01:55:55,direct,75.76
557,23,impression,2024-01-09 01:57:53,ad,57.13
985,26,purchase,2024-01-09 02:09:08,direct,92.71
1350,87,add_to_cart,2024-01-09 02:09:08,search,70.7
922,54,impression,2024-01-09 02:31:15,email,21.17
1760,73,click,2024-01-09 02:43:59,email,54.17
55,24,view,2024-01-09 03:05:43,ad,81.64
74,34,impression,2024-01-09 03:19:50,search,75.28
1793,11,purchase,2024-01-09 03:36:16,email,24.4
664,1,view,2024-01-09 03:40:08,ad,77.19
507,13,impression,2024-01-09 03:45:34,email,62.77
1251,67,add_to_cart,2024-01-09 03:49:50,search,16.11
222,76,view,2024-01-09 04:21:12,ad,16.79
580,55,purchase,2024-01-09 04:45:13,search,12.64
958,85,click,2024-01-09 04:47:06,direct,49.96
1407,33,view,2024-01-09 04:51:54,direct,60.16
1789,89,add_to_cart,2024-01-09 05:05:37,direct,91.76
119,84,click,2024-01-09 05:10:47,direct,44.8
443,63,view,2024-01-09 05:22:03,direct,6.42
1572,4,impression,2024-01-09 05:29:25,email,64.49
208,76,click,2024-01-09 05:39:41,ad,49.88
669,26,view,2024-01-09 05:50:16,search,31.14
1455,100,add_to_cart,2024-01-09 05:53:51,email,16.78
614,73,add_to_cart,2024-01-09 05:55:33,email,6.3
1611,99,add_to_cart,2024-01-09 05:59:35,email,0.42
67,70,purchase,2024-01-09 07:09:44,direct,27.69
258,39,view,2024-01-09 07:13:28,ad,35.57
102,88,click,2024-01-09 07:19:50,ad,95.4
1214,90,view,2024-01-09 07:24:30,email,94.93
761,9,purchase,2024-01-09 07:24:56,search,83.99
476,31,view,2024-01-09 07:25:20,email,19.87
869,5,impression,2024-01-09 07:41:30,email,30.26
1484,62,click,2024-01-09 07:41:36,email,89.19
1593,13,add_to_cart,2024-01-09 07:50:03,search,45.57
215,29,purchase,2024-01-09 07:53:46,direct,61.0
109,55,purchase,2024-01-09 07:59:25,ad,74.76
1398,7,impression,2024-01-09 08:17:27,search,60.75
635,54,impression,2024-01-09 08:27:02,search,17.8
1827,90,view,2024-01-09 08:28:38,ad,63.94
1761,40,impression,2024-01-09 08:45:27,search,61.98
789,31,purchase,2024-01-09 08:50:18,email,71.89
672,51,view,2024-01-09 08:52:54,search,33.99
209,5,add_to_cart,2024-01-09 08:54:18,ad,90.27
1488,95,view,2024-01-09 09:28:28,email,79.77
609,73,view,2024-01-09 09:58:33,direct,57.78
1434,100,view,2024-01-09 09:59:47,search,92.71
1236,80,impression,2024-01-09 10:19:52,direct,87.38
1300,40,impression,2024-01-09 10:24:01,search,48.39
271,38,view,2024-01-09 10:31:29,ad,84.74
1238,55,view,2024-01-09 10:35:43,ad,11.91
719,40,add_to_cart,2024-01-09 11:22:34,search,65.71
220,16,click,2024-01-09 11:35:58,email,49.43
416,6,purchase,2024-01-09 12:02:13,search,86.92
79,91,click,2024-01-09 12:15:54,ad,27.69
148,13,impression,2024-01-09 12:48:50,ad,94.42
239,93,purchase,2024-01-09 13:02:31,search,98.47
568,1,view,2024-01-09 13:02:53,email,42.1
150,82,purchase,2024-01-09 13:06:49,direct,34.2
851,76,click,2024-01-09 13:07:32,email,89.8
1313,45,view,2024-01-09 13:09:45,direct,92.0
1296,95,view,2024-01-09 13:25:38,email,20.93
841,98,view,2024-01-09 14:12:34,ad,14.87
422,31,impression,2024-01-09 14:14:18,email,13.86
1722,16,impression,2024-01-09 14:23:29,email,61.77
868,43,purchase,2024-01-09 15:07:26,ad,78.98
1288,18,view,2024-01-09 15:12:39,email,0.42
926,22,purchase,2024-01-09 15:16:58,search,52.17
681,4,purchase,2024-01-09 15:35:24,search,46.65
1437,35,add_to_cart,2024-01-09 15:47:10,email,95.39
1242,43,view,2024-01-09 15:48:06,email,57.71
223,81,view,2024-01-09 15:51:03,direct,50.75
1577,75,click,2024-01-09 16:04:40,email,89.7
1985,70,view,2024-01-09 16:14:16,email,84.68
1860,24,click,2024-01-09 16:34:42,email,63.17
1404,56,view,2024-01-09 16:36:34,direct,86.26
1034,37,add_to_cart,2024-01-09 16:39:17,email,56.92
511,38,purchase,2024-01-09 16:40:09,search,36.86
344,24,add_to_cart,2024-01-09 17:01:19,direct,70.1
1121,92,purchase,2024-01-09 17:03:19,direct,35.11
684,51,purchase,2024-01-09 17:16:22,email,46.7
1029,50,purchase,2024-01-09 17:17:34,search,13.37
1691,3,add_to_cart,2024-01-09 17:32:12,email,33.93
345,85,click,2024-01-09 17:53:29,email,11.28
1720,65,impression,2024-01-09 17:57:18,ad,28.66
453,87,click,2024-01-09 18:01:18,search,2.22
1377,16,view,2024-01-09 18:17:39,email,47.2
1581,75,view,2024-01-09 18:44:38,direct,90.83
671,31,click,2024-01-09 18:55:24,email,66.49
1528,39,add_to_cart,2024-01-09 18:57:33,search,55.84
1226,55,click,2024-01-09 19:11:56,direct,40.5
715,88,click,2024-01-09 19:16:58,email,59.26
90,48,impression,2024-01-09 19:17:15,ad,35.59
1410,97,add_to_cart,2024-01-09 19:31:15,ad,91.9
3,3,impression,2024-01-09 19:36:00,email,94.13
1777,11,click,2024-01-09 19:40:50,direct,94.17
1869,11,purchase,2024-01-09 19:57:19,direct,44.2
1763,91,purchase,2024-01-09 19:57:45,ad,32.24
1190,77,view,2024-01-09 20:16:38,email,98.13
152,92,view,2024-01-09 20:20:03,ad,28.25
633,58,purchase,2024-01-09 20:20:26,ad,99.87
1340,2,impression,2024-01-09 20:42:40,email,62.84
361,54,purchase,2024-01-09 20:43:51,ad,5.4
400,52,add_to_cart,2024-01-09 21:04:08,search,77.95
951,84,impression,2024-01-09 21:11:48,direct,87.35
110,7,purchase,2024-01-09 21:22:34,direct,79.1
1241,32,purchase,2024-01-09 21:31:54,search,22.3
894,22,impression,2024-01-09 21:35:15,ad,57.47
1033,68,purchase,2024-01-09 21:41:43,direct,44.6
1052,80,impression,2024-01-09 21:51:00,email,76.49
1109,63,click,2024-01-09 22:02:51,ad,93.58
323,36,click,2024-01-09 22:27:55,search,97.86
1499,31,purchase,2024-01-09 22:42:19,search,73.85
177,70,click,2024-01-09 22:49:37,email,38.36
1773,99,add_to_cart,2024-01-09 22:54:42,email,52.7
612,37,purchase,2024-01-09 22:57:14,email,14.99
332,95,view,2024-01-09 22:58:50,search,84.51
875,43,add_to_cart,2024-01-09 22:59:10,ad,17.64
93,35,purchase,2024-01-09 23:05:16,direct,11.96
1225,24,purchase,2024-01-09 23:38:32,direct,30.37
880,59,impression,2024-01-09 23:43:43,email,52.38
1747,2,purchase,2024-01-09 23:48:25,ad,29.48
1485,68,click,2024-01-10 00:00:42,ad,88.87
1999,84,click,2024-01-10 00:01:01,search,10.59
454,28,add_to_cart,2024-01-10 00:08:06,email,6.16
1481,47,add_to_cart,2024-01-10 00:14:41,email,88.14
266,92,purchase,2024-01-10 01:09:18,ad,62.71
1022,4,add_to_cart,2024-01-10 01:18:50,email,72.82
1553,87,view,2024-01-10 01:24:30,email,0.43
574,97,click,2024-01-10 01:36:41,ad,82.85
1893,13,view,2024-01-10 02:04:58,search,13.33
1182,100,impression,2024-01-10 02:06:06,ad,95.99
212,28,add_to_cart,2024-01-10 02:14:17,search,7.26
1513,76,view,2024-01-10 02:17:22,search,14.51
1013,75,purchase,2024-01-10 02:19:51,direct,30.32
240,21,impression,2024-01-10 02:46:58,email,77.77
1392,71,view,2024-01-10 02:48:36,search,58.6
1500,71,purchase,2024-01-10 02:53:30,ad,19.11
63,66,impression,2024-01-10 03:00:38,ad,8.97
679,75,click,2024-01-10 03:18:55,ad,90.8
25,99,impression,2024-01-10 03:28:28,search,26.85
927,49,add_to_cart,2024-01-10 03:31:18,ad,8.9
865,90,impression,2024-01-10 03:53:45,ad,19.35
1064,51,add_to_cart,2024-01-10 03:54:33,search,71.21
1145,16,view,2024-01-10 04:00:40,email,17.96
1711,14,impression,2024-01-10 04:00:49,direct,29.5
1564,68,click,2024-01-10 04:02:35,ad,98.57
978,57,impression,2024-01-10 04:14:12,email,23.55
567,51,add_to_cart,2024-01-10 04:17:29,ad,36.32
1668,33,view,2024-01-10 04:24:22,email,14.23
1721,63,add_to_cart,2024-01-10 04:28:59,search,45.44
644,3,click,2024-01-10 04:29:47,direct,51.95
1746,7,impression,2024-01-10 04:41:38,search,58.76
259,40,impression,2024-01-10 04:42:11,search,96.59
1786,63,click,2024-01-10 04:45:11,search,47.1
1361,44,impression,2024-01-10 04:47:02,email,93.8
406,97,click,2024-01-10 05:20:45,ad,39.56
1899,18,impression,2024-01-10 05:33:10,search,4.84
1278,20,purchase,2024-01-10 05:38:27,direct,45.22
145,17,purchase,2024-01-10 05:39:12,direct,79.95
882,4,purchase,2024-01-10 05:50:50,direct,80.86
1900,80,purchase,2024-01-10 05:51:19,email,41.6
1571,7,click,2024-01-10 06:02:53,direct,49.84
1682,41,add_to_cart,2024-01-10 06:04:42,email,0.4
111,62,click,2024-01-10 06:18:00,direct,84.74
1141,7,click,2024-01-10 06:20:23,email,56.44
8,4,add_to_cart,2024-01-10 06:23:49,ad,28.57
51,54,view,2024-01-10 06:34:59,ad,20.58
1440,81,view,2024-01-10 06:38:52,ad,15.6
737,99,purchase,2024-01-10 07:22:41,search,97.51
1874,56,impression,2024-01-10 07:38:23,search,99.94
474,21,click,2024-01-10 07:39:43,search,40.54
729,30,purchase,2024-01-10 07:39:48,search,2.11
1944,40,impression,2024-01-10 07:40:55,search,49.98
526,25,add_to_cart,2024-01-10 07:45:20,direct,37.14
299,23,impression,2024-01-10 07:51:20,ad,72.79
579,5,impression,2024-01-10 07:54:54,direct,19.9
489,4,view,2024-01-10 07:55:13,email,71.47
1836,58,click,2024-01-10 08:02:00,ad,62.23
815,58,add_to_cart,2024-01-10 08:09:45,email,37.72
135,82,click,2024-01-10 08:11:18,ad,94.56
1495,97,add_to_cart,2024-01-10 08:11:34,ad,70.63
1516,63,add_to_cart,2024-01-10 08:19:25,search,83.21
1258,53,click,2024-01-10 08:23:11,search,57.19
1723,64,view,2024-01-10 08:41:59,email,64.17
952,42,view,2024-01-10 08:42:01,direct,22.4
873,16,impression,2024-01-10 09:23:32,ad,51.56
876,65,add_to_cart,2024-01-10 09:27:15,ad,29.93
1322,63,add_to_cart,2024-01-10 09:34:36,email,48.2
1875,98,view,2024-01-10 09:36:51,search,10.48
1731,42,click,2024-01-10 09:40:13,ad,61.26
1651,51,click,2024-01-10 10:00:05,ad,89.9
1811,29,impression,2024-01-10 10:11:16,search,88.56
745,72,impression,2024-01-10 10:18:01,ad,47.43
647,77,purchase,2024-01-10 10:18:50,search,47.66
690,21,click,2024-01-10 10:42:11,search,40.82
1588,79,purchase,2024-01-10 10:45:13,direct,6.85
1072,23,click,2024-01-10 10:48:36,direct,62.21
1105,60,purchase,2024-01-10 10:56:17,email,51.65
1091,93,impression,2024-01-10 11:11:26,ad,26.26
1155,92,click,2024-01-10 11:27:07,search,82.6
1861,13,impression,2024-01-10 11:30:49,search,62.38
1164,7,add_to_cart,2024-01-10 11:31:07,email,1.33
200,57,add_to_cart,2024-01-10 11:45:06,search,95.6
117,32,view,2024-01-10 11:56:53,search,9.68
1320,81,click,2024-01-10 12:05:20,direct,40.33
735,51,purchase,2024-01-10 12:13:30,direct,13.55
1044,64,impression,2024-01-10 12:15:00,ad,50.3
634,21,purchase,2024-01-10 12:16:24,search,89.61
509,1,add_to_cart,2024-01-10 12:43:14,ad,96.65
920,4,view,2024-01-10 12:50:45,search,92.82
260,21,click,2024-01-10 12:51:35,search,43.3
1762,78,purchase,2024-01-10 13:35:19,ad,10.36
1174,91,impression,2024-01-10 13:38:08,ad,93.3
1446,62,purchase,2024-01-10 13:38:42,search,52.72
1541,72,impression,2024-01-10 13:47:14,search,95.83
839,47,add_to_cart,2024-01-10 13:57:33,ad,73.68
786,59,impression,2024-01-10 13:59:25,direct,56.83
1139,71,purchase,2024-01-10 14:34:33,email,8.67
350,11,purchase,2024-01-10 14:50:50,search,31.58
1493,35,view,2024-01-10 14:52:29,ad,45.9
834,100,impression,2024-01-10 14:52:57,ad,96.68
1447,32,view,2024-01-10 14:53:17,ad,18.4
20,6,click,2024-01-10 14:58:36,ad,5.84
1239,87,view,2024-01-10 15:01:44,search,45.5
1843,27,view,2024-01-10 15:05:20,ad,40.88
636,35,view,2024-01-10 15:11:42,ad,4.37
1060,62,add_to_cart,2024-01-10 15:12:56,email,88.18
1301,100,click,2024-01-10 15:14:47,direct,16.22
918,22,view,2024-01-10 15:34:46,search,70.83
1956,80,purchase,2024-01-10 15:40:22,direct,35.74
904,29,impression,2024-01-10 15:49:41,direct,50.3
878,95,view,2024-01-10 15:49:53,direct,30.38
934,80,purchase,2024-01-10 16:28:19,email,64.89
697,12,purchase,2024-01-10 16:42:33,direct,90.28
1685,19,impression,2024-01-10 16:59:57,ad,86.93
171,66,purchase,2024-01-10 17:11:32,direct,41.51
298,49,impression,2024-01-10 17:18:03,ad,75.54
373,7,click,2024-01-10 17:24:23,direct,86.68
694,39,impression,2024-01-10 17:59:23,direct,64.7
1073,55,add_to_cart,2024-01-10 18:00:40,ad,72.3
648,38,view,2024-01-10 18:01:20,ad,10.93
1600,15,add_to_cart,2024-01-10 18:02:17,email,1.95
521,5,click,2024-01-10 18:10:44,ad,64.71
1120,22,purchase,2024-01-10 18:11:19,search,83.38
173,56,add_to_cart,2024-01-10 19:09:51,direct,53.85
1247,93,purchase,2024-01-10 19:14:11,direct,47.87
1930,10,purchase,2024-01-10 19:17:53,ad,19.6
1020,7,click,2024-01-10 19:43:09,email,84.85
1308,8,impression,2024-01-10 19:44:52,direct,44.4
343,1,add_to_cart,2024-01-10 19:47:56,direct,90.2
538,15,view,2024-01-10 19:49:47,email,30.13
1257,58,add_to_cart,2024-01-10 19:50:43,search,23.35
907,72,impression,2024-01-10 19:55:31,direct,39.33
1558,73,view,2024-01-10 19:55:49,email,13.32
97,36,purchase,2024-01-10 20:09:51,search,0.49
1184,98,purchase,2024-01-10 20:30:12,direct,42.54
491,34,purchase,2024-01-10 20:32:04,direct,54.71
1518,5,purchase,2024-01-10 20:40:52,email,20.13
317,8,add_to_cart,2024-01-10 20:48:18,email,88.38
802,44,impression,2024-01-10 21:04:11,email,68.94
1622,98,click,2024-01-10 21:05:05,direct,42.46
906,62,add_to_cart,2024-01-10 21:17:37,search,59.68
1469,74,add_to_cart,2024-01-10 21:34:54,ad,55.87
674,26,click,2024-01-10 21:37:08,direct,78.36
1496,98,view,2024-01-10 21:47:50,search,88.61
291,40,impression,2024-01-10 21:50:35,direct,9.73
1536,54,impression,2024-01-10 22:07:06,direct,70.82
1168,65,impression,2024-01-10 22:33:47,email,10.81
1089,77,add_to_cart,2024-01-10 22:35:23,direct,90.78
861,88,purchase,2024-01-10 22:35:56,ad,0.96
1700,2,impression,2024-01-10 22:49:43,email,98.75
365,59,purchase,2024-01-10 23:01:55,ad,64.75
517,43,click,2024-01-10 23:09:35,direct,37.41
1024,54,click,2024-01-10 23:37:41,direct,13.1
1431,16,view,2024-01-10 23:46:15,email,21.84
1138,53,purchase,2024-01-10 23:58:29,direct,82.86
1269,4,add_to_cart,2024-01-11 00:03:29,ad,49.34
977,9,impression,2024-01-11 00:16:35,ad,13.16
949,43,impression,2024-01-11 00:25:59,search,29.27
204,21,click,2024-01-11 00:36:59,direct,56.9
724,21,add_to_cart,2024-01-11 00:46:00,email,78.53
328,28,click,2024-01-11 00:46:54,direct,60.44
916,6,purchase,2024-01-11 01:17:34,email,42.29
1501,6,purchase,2024-01-11 01:24:28,direct,92.92
1382,77,purchase,2024-01-11 01:29:03,direct,34.93
1837,75,purchase,2024-01-11 01:36:25,email,50.28
376,27,click,2024-01-11 01:41:44,direct,30.8
243,84,view,2024-01-11 01:56:48,email,39.73
1112,91,impression,2024-01-11 02:12:48,ad,63.34
1291,12,view,2024-01-11 02:18:50,email,18.75
356,88,impression,2024-01-11 02:45:47,ad,19.57
1790,60,add_to_cart,2024-01-11 02:46:26,search,99.22
1947,68,click,2024-01-11 02:59:07,ad,66.85
1279,55,purchase,2024-01-11 03:03:13,ad,30.75
1329,73,view,2024-01-11 03:09:15,search,52.89
1002,6,impression,2024-01-11 03:11:13,search,50.4
1343,5,impression,2024-01-11 03:33:46,search,47.23
1560,96,click,2024-01-11 03:35:21,direct,27.58
924,85,click,2024-01-11 03:36:37,direct,67.4
211,2,click,2024-01-11 03:43:47,ad,69.59
367,22,impression,2024-01-11 03:49:59,direct,67.58
1127,87,impression,2024-01-11 03:52:08,direct,90.12
254,64,impression,2024-01-11 03:53:37,email,55.22
703,97,add_to_cart,2024-01-11 03:54:45,email,75.74
178,100,view,2024-01-11 04:08:44,direct,55.74
500,47,purchase,2024-01-11 04:16:37,direct,43.2
236,77,view,2024-01-11 04:17:11,direct,30.16
994,28,purchase,2024-01-11 04:29:01,email,76.78
1788,80,view,2024-01-11 04:38:05,email,78.83
1220,73,view,2024-01-11 04:40:38,direct,58.95
179,57,view,2024-01-11 04:41:38,direct,59.56
1526,1,view,2024-01-11 04:46:47,search,1.9
710,9,purchase,2024-01-11 04:57:12,email,82.38
137,9,click,2024-01-11 05:08:02,email,9.88
563,40,click,2024-01-11 05:20:15,direct,86.76
1991,65,purchase,2024-01-11 05:22:55,ad,5.16
1096,77,add_to_cart,2024-01-11 05:23:53,search,65.86
864,66,impression,2024-01-11 05:35:19,ad,31.58
844,38,click,2024-01-11 05:51:45,ad,7.58
1698,79,click,2024-01-11 05:52:22,email,83.99
492,39,add_to_cart,2024-01-11 05:53:18,search,77.84
1393,87,add_to_cart,2024-01-11 06:09:06,ad,90.25
1605,22,purchase,2024-01-11 06:20:42,search,37.57
1457,10,add_to_cart,2024-01-11 06:24:17,email,54.61
731,20,purchase,2024-01-11 06:26:17,email,27.74
38,46,click,2024-01-11 06:30:28,direct,31.95
1123,80,view,2024-01-11 06:44:56,search,85.83
576,83,purchase,2024-01-11 06:46:04,search,46.39
1506,50,add_to_cart,2024-01-11 06:53:32,email,46.86
1942,21,impression,2024-01-11 07:07:40,search,48.1
139,66,purchase,2024-01-11 07:14:57,ad,74.7
504,2,view,2024-01-11 07:29:18,direct,96.79
560,80,add_to_cart,2024-01-11 07:57:40,search,56.67
1802,85,impression,2024-01-11 07:58:46,direct,92.71
820,43,click,2024-01-11 08:10:20,email,41.31
1489,81,view,2024-01-11 08:19:48,ad,53.13
129,76,impression,2024-01-11 08:23:05,direct,87.81
914,100,click,2024-01-11 08:29:59,direct,33.7
1408,41,view,2024-01-11 08:49:15,direct,76.1
377,43,view,2024-01-11 08:58:04,ad,29.95
1679,14,view,2024-01-11 09:04:43,direct,88.74
1317,86,view,2024-01-11 09:10:43,ad,12.61
1752,86,purchase,2024-01-11 09:15:03,search,68.64
542,100,purchase,2024-01-11 09:18:39,search,59.96
1923,42,impression,2024-01-11 09:20:45,email,36.83
238,41,add_to_cart,2024-01-11 09:29:45,email,59.89
1508,63,view,2024-01-11 09:36:52,email,12.97
756,81,view,2024-01-11 09:48:17,ad,60.2
1439,39,click,2024-01-11 10:00:47,email,74.37
412,36,impression,2024-01-11 10:02:10,direct,21.32
329,56,purchase,2024-01-11 10:10:23,email,42.41
981,3,add_to_cart,2024-01-11 10:24:31,ad,45.7
757,58,add_to_cart,2024-01-11 10:24:40,email,42.86
287,37,add_to_cart,2024-01-11 10:32:06,email,60.61
262,8,click,2024-01-11 10:40:26,search,27.45
144,44,impression,2024-01-11 10:47:11,email,99.71
1741,100,purchase,2024-01-11 10:57:50,direct,77.6
354,29,impression,2024-01-11 11:06:02,search,0.36
755,3,click,2024-01-11 11:09:17,search,90.72
1911,60,impression,2024-01-11 11:12:41,search,44.36
877,40,add_to_cart,2024-01-11 11:35:41,ad,73.76
957,36,click,2024-01-11 12:10:34,direct,86.69
1732,23,add_to_cart,2024-01-11 12:32:06,direct,82.52
695,26,purchase,2024-01-11 12:35:53,email,66.19
1154,31,click,2024-01-11 12:40:29,email,95.5
874,14,purchase,2024-01-11 12:45:28,ad,69.27
1637,27,purchase,2024-01-11 12:49:01,search,85.8
495,31,purchase,2024-01-11 12:51:54,direct,43.44
1655,43,view,2024-01-11 12:57:02,ad,48.5
1906,79,add_to_cart,2024-01-11 13:19:27,ad,44.61
1041,48,click,2024-01-11 13:24:10,ad,59.29
1823,69,view,2024-01-11 13:34:49,email,9.7
1534,18,click,2024-01-11 13:40:37,ad,41.3
1490,72,impression,2024-01-11 14:09:53,search,36.14
722,73,add_to_cart,2024-01-11 14:19:28,direct,31.18
1555,17,add_to_cart,2024-01-11 14:19:50,direct,89.13
326,13,view,2024-01-11 14:21:09,ad,35.23
334,44,add_to_cart,2024-01-11 14:40:55,ad,32.41
863,97,impression,2024-01-11 15:03:51,search,68.48
1376,9,impression,2024-01-11 15:09:30,ad,95.6
360,46,purchase,2024-01-11 15:13:03,email,29.99
53,10,impression,2024-01-11 15:15:50,ad,64.97
1461,9,view,2024-01-11 15:27:09,ad,2.86
1892,93,view,2024-01-11 15:27:28,direct,67.97
1012,39,view,2024-01-11 15:40:33,direct,17.81
352,85,impression,2024-01-11 15:47:46,search,8.35
902,77,click,2024-01-11 15:48:24,search,95.96
1525,58,impression,2024-01-11 15:48:25,direct,8.33
982,94,view,2024-01-11 15:55:11,search,76.76
1261,90,add_to_cart,2024-01-11 16:03:47,direct,52.7
13,65,add_to_cart,2024-01-11 16:10:02,direct,11.48
1315,18,purchase,2024-01-11 16:21:31,email,21.52
151,96,click,2024-01-11 16:22:32,ad,48.4
480,21,purchase,2024-01-11 16:49:50,search,16.71
1194,41,add_to_cart,2024-01-11 17:15:26,email,49.19
1686,66,view,2024-01-11 17:32:02,email,61.59
1456,56,add_to_cart,2024-01-11 17:46:31,email,81.54
646,65,click,2024-01-11 17:50:45,ad,63.88
1248,25,add_to_cart,2024-01-11 18:01:46,email,74.75
366,14,add_to_cart,2024-01-11 18:08:37,email,12.56
1973,13,impression,2024-01-11 18:14:48,ad,69.89
769,21,impression,2024-01-11 18:40:58,direct,52.64
37,66,purchase,2024-01-11 18:43:44,ad,18.33
1935,57,purchase,2024-01-11 19:24:43,ad,63.27
915,100,view,2024-01-11 19:28:45,direct,37.19
1256,97,purchase,2024-01-11 19:32:55,ad,22.45
1146,74,click,2024-01-11 19:44:27,ad,75.93
782,94,click,2024-01-11 20:06:06,search,36.15
1527,59,impression,2024-01-11 20:14:36,direct,85.43
1749,46,impression,2024-01-11 20:46:42,direct,25.66
713,99,impression,2024-01-11 20:51:52,email,88.7
1435,29,impression,2024-01-11 21:01:27,email,87.42
136,9,click,2024-01-11 21:04:30,search,71.1
1834,51,click,2024-01-11 21:13:30,email,61.47
620,56,add_to_cart,2024-01-11 21:42:48,search,54.0
1697,98,add_to_cart,2024-01-11 22:01:40,search,69.69
1825,49,add_to_cart,2024-01-11 22:02:23,ad,27.73
1865,67,add_to_cart,2024-01-11 22:58:30,email,60.8
126,51,purchase,2024-01-11 23:05:01,ad,95.7
187,53,impression,2024-01-11 23:09:56,email,78.98
1,6,impression,2024-01-11 23:23:22,ad,3.94
357,46,impression,2024-01-11 23:28:56,ad,44.42
881,71,purchase,2024-01-11 23:57:14,search,7.71
394,81,click,2024-01-12 00:12:11,search,38.25
676,51,impression,2024-01-12 00:21:48,ad,9.57
1321,33,impression,2024-01-12 00:22:52,email,9.43
311,20,view,2024-01-12 00:23:24,direct,80.75
1471,74,purchase,2024-01-12 00:27:07,direct,96.24
837,42,add_to_cart,2024-01-12 00:34:08,email,9.72
1026,66,add_to_cart,2024-01-12 00:34:39,ad,57.47
1198,59,click,2024-01-12 00:41:57,ad,34.9
1227,84,impression,2024-01-12 00:47:18,email,40.57
1385,83,add_to_cart,2024-01-12 00:56:00,email,52.94
1730,61,impression,2024-01-12 01:07:32,ad,61.86
138,90,add_to_cart,2024-01-12 01:08:21,email,69.4
341,73,purchase,2024-01-12 01:20:41,direct,36.56
306,42,click,2024-01-12 01:27:38,direct,88.76
408,88,click,2024-01-12 01:36:00,search,11.37
1472,24,add_to_cart,2024-01-12 01:57:56,direct,51.2
1151,51,impression,2024-01-12 01:58:36,email,99.88
1887,70,view,2024-01-12 02:13:52,search,84.32
296,15,impression,2024-01-12 02:19:36,search,99.66
708,87,view,2024-01-12 02:32:34,email,79.81
1255,59,view,2024-01-12 02:34:23,direct,3.48
714,61,purchase,2024-01-12 02:52:06,search,56.53
624,38,add_to_cart,2024-01-12 02:55:40,email,67.69
748,48,impression,2024-01-12 03:08:34,search,64.5
739,53,impression,2024-01-12 03:20:39,search,72.71
494,80,purchase,2024-01-12 03:33:11,direct,89.97
363,33,impression,2024-01-12 03:38:23,email,84.83
1478,69,click,2024-01-12 03:54:41,ad,98.68
472,95,impression,2024-01-12 04:02:07,email,52.43
210,12,add_to_cart,2024-01-12 04:15:43,direct,53.52
1098,73,add_to_cart,2024-01-12 04:31:00,email,7.35
742,59,purchase,2024-01-12 04:33:05,direct,97.7
1228,63,impression,2024-01-12 04:38:10,email,29.9
854,48,impression,2024-01-12 05:02:13,search,98.17
1030,57,click,2024-01-12 05:27:47,ad,10.14
806,46,view,2024-01-12 05:30:26,ad,4.1
490,24,view,2024-01-12 05:46:42,search,97.35
1623,38,view,2024-01-12 06:03:48,direct,27.96
1046,69,impression,2024-01-12 06:20:34,direct,49.0
943,31,impression,2024-01-12 06:23:12,email,11.51
1650,76,click,2024-01-12 06:51:03,ad,96.95
162,100,impression,2024-01-12 07:19:55,search,44.93
98,52,click,2024-01-12 07:35:46,ad,58.36
1756,18,impression,2024-01-12 07:40:20,email,66.53
1467,60,add_to_cart,2024-01-12 07:45:45,email,38.37
1074,42,purchase,2024-01-12 08:01:27,direct,37.4
889,100,view,2024-01-12 08:10:21,direct,90.18
1079,5,add_to_cart,2024-01-12 08:34:04,email,73.14
1905,98,click,2024-01-12 08:37:21,search,67.81
1365,20,impression,2024-01-12 08:59:26,direct,89.79
1406,19,view,2024-01-12 09:02:01,search,99.98
849,65,purchase,2024-01-12 09:02:19,email,95.27
1983,46,view,2024-01-12 09:03:55,ad,79.46
114,23,click,2024-01-12 09:09:42,email,16.85
1783,56,add_to_cart,2024-01-12 09:15:42,search,11.18
625,52,view,2024-01-12 09:29:28,email,49.6
819,79,add_to_cart,2024-01-12 10:00:39,direct,23.17
374,31,click,2024-01-12 10:10:57,email,40.8
1303,47,click,2024-01-12 10:14:33,direct,98.72
1507,65,click,2024-01-12 10:21:34,email,54.94
1547,81,add_to_cart,2024-01-12 11:03:06,direct,43.46
1934,67,view,2024-01-12 11:29:40,email,11.19
1166,50,purchase,2024-01-12 11:31:35,email,64.36
7,54,purchase,2024-01-12 11:38:59,email,71.25
1582,51,click,2024-01-12 11:39:21,ad,64.69
372,67,purchase,2024-01-12 11:42:22,search,83.1
1665,6,view,2024-01-12 12:01:54,ad,27.52
157,79,impression,2024-01-12 12:01:54,ad,44.82
1707,41,click,2024-01-12 12:02:02,ad,94.93
1136,52,click,2024-01-12 12:10:33,ad,38.17
122,77,add_to_cart,2024-01-12 12:17:22,search,78.83
1417,44,click,2024-01-12 12:18:40,search,38.87
405,79,purchase,2024-01-12 12:30:15,direct,80.12
1140,44,add_to_cart,2024-01-12 12:34:32,ad,78.83
26,1,click,2024-01-12 12:35:35,ad,89.87
1638,65,impression,2024-01-12 12:47:31,direct,87.54
477,28,impression,2024-01-12 13:01:06,search,8.11
1661,12,purchase,2024-01-12 13:02:25,ad,15.5
146,72,click,2024-01-12 13:04:31,search,30.2
744,97,view,2024-01-12 13:23:24,direct,16.12
45,27,view,2024-01-12 13:56:08,search,49.48
1017,61,view,2024-01-12 14:00:33,ad,69.4
1997,24,view,2024-01-12 14:02:35,ad,77.91
556,1,view,2024-01-12 14:14:37,ad,64.19
1595,58,view,2024-01-12 14:31:37,ad,95.82
1011,27,impression,2024-01-12 14:44:40,ad,52.86
1531,19,impression,2024-01-12 15:02:03,search,1.82
256,63,view,2024-01-12 15:30:58,search,59.55
1624,59,impression,2024-01-12 15:34:46,search,71.96
1780,18,click,2024-01-12 15:36:42,email,27.65
1566,89,impression,2024-01-12 15:39:35,search,63.0
794,94,impression,2024-01-12 16:05:18,direct,91.6
1354,62,impression,2024-01-12 16:36:38,ad,91.4
1483,83,view,2024-01-12 16:41:16,email,70.32
823,50,view,2024-01-12 16:42:44,email,42.38
1416,72,view,2024-01-12 16:54:12,direct,71.82
1712,100,click,2024-01-12 16:54:35,ad,66.46
176,56,purchase,2024-01-12 16:57:28,search,51.7
1156,100,click,2024-01-12 16:58:52,direct,63.49
1791,37,purchase,2024-01-12 17:05:08,search,56.1
450,9,impression,2024-01-12 17:08:23,ad,22.14
1025,24,click,2024-01-12 17:16:21,direct,33.28
751,62,click,2024-01-12 17:16:53,email,19.77
108,6,view,2024-01-12 17:33:07,search,15.72
654,47,add_to_cart,2024-01-12 17:45:50,direct,21.88
1813,90,click,2024-01-12 17:47:29,email,96.43
670,83,view,2024-01-12 17:59:53,direct,94.23
1289,67,purchase,2024-01-12 18:01:33,search,16.43
1872,6,add_to_cart,2024-01-12 18:20:14,direct,99.36
1359,31,add_to_cart,2024-01-12 18:27:13,ad,25.8
1122,66,add_to_cart,2024-01-12 18:42:11,ad,32.1
705,2,view,2024-01-12 18:45:25,direct,72.5
1936,66,add_to_cart,2024-01-12 18:53:10,email,53.39
730,17,view,2024-01-12 18:55:11,search,64.58
289,40,click,2024-01-12 18:59:03,email,32.61
1175,89,purchase,2024-01-12 19:11:32,search,31.11
221,39,add_to_cart,2024-01-12 19:25:38,ad,92.21
793,55,purchase,2024-01-12 19:25:58,search,12.52
6,36,purchase,2024-01-12 20:14:25,email,29.64
383,84,view,2024-01-12 20:15:27,direct,31.67
816,23,impression,2024-01-12 20:30:25,search,22.78
75,49,impression,2024-01-12 20:56:03,search,9.9
18,37,view,2024-01-12 21:05:41,direct,80.79
132,75,add_to_cart,2024-01-12 21:19:30,search,35.5
1876,69,purchase,2024-01-12 21:40:59,email,59.8
605,82,impression,2024-01-12 22:11:49,direct,12.91
800,78,click,2024-01-12 22:20:16,email,36.82
1695,15,view,2024-01-12 22:27:04,direct,98.75
1171,28,view,2024-01-12 22:33:56,email,19.68
1515,15,add_to_cart,2024-01-12 22:40:38,ad,88.61
824,99,impression,2024-01-12 22:41:32,ad,33.83
900,51,add_to_cart,2024-01-12 22:45:23,search,38.1
322,43,add_to_cart,2024-01-12 22:56:09,ad,11.29
355,21,view,2024-01-12 23:00:38,direct,75.74
1008,20,click,2024-01-12 23:12:35,email,87.98
1846,35,add_to_cart,2024-01-12 23:22:31,ad,41.46
1797,40,impression,2024-01-12 23:27:37,ad,99.51
94,40,click,2024-01-12 23:49:13,search,21.52
986,72,add_to_cart,2024-01-12 23:49:51,ad,73.66
1873,96,add_to_cart,2024-01-12 23:57:40,search,41.86
1556,17,click,2024-01-13 00:02:25,direct,21.63
1590,5,purchase,2024-01-13 00:09:12,direct,36.87
1606,67,click,2024-01-13 00:22:46,search,87.9
901,23,add_to_cart,2024-01-13 00:34:23,search,24.94
10,64,impression,2024-01-13 00:35:57,search,89.54
393,62,purchase,2024-01-13 00:47:15,ad,88.32
300,8,purchase,2024-01-13 00:53:09,direct,78.94
167,30,impression,2024-01-13 01:37:54,direct,46.55
1235,60,purchase,2024-01-13 01:39:51,direct,15.11
338,35,add_to_cart,2024-01-13 01:42:03,search,66.46
749,61,purchase,2024-01-13 01:53:50,email,4.17
1535,100,add_to_cart,2024-01-13 01:57:00,email,35.6
1809,85,add_to_cart,2024-01-13 02:08:36,search,14.65
1798,56,click,2024-01-13 03:14:41,email,85.5
738,12,view,2024-01-13 03:15:21,search,5.51
544,95,click,2024-01-13 03:52:48,ad,80.4
168,19,impression,2024-01-13 03:55:39,ad,85.42
1028,68,purchase,2024-01-13 04:07:31,direct,44.3
1659,51,view,2024-01-13 04:26:15,ad,38.86
1183,42,purchase,2024-01-13 04:29:11,direct,93.15
41,83,add_to_cart,2024-01-13 04:42:11,ad,28.17
1702,66,add_to_cart,2024-01-13 05:29:17,search,50.46
522,68,click,2024-01-13 05:38:14,email,9.5
1657,32,impression,2024-01-13 05:38:56,ad,17.95
1729,39,impression,2024-01-13 05:57:36,search,42.92
1633,80,add_to_cart,2024-01-13 06:05:44,email,83.24
622,77,impression,2024-01-13 06:06:12,direct,23.85
595,74,impression,2024-01-13 06:23:20,email,47.7
631,58,impression,2024-01-13 06:24:11,email,17.5
898,66,click,2024-01-13 06:29:57,email,9.24
231,13,add_to_cart,2024-01-13 06:39:04,search,2.95
1943,11,click,2024-01-13 06:55:18,search,98.91
1056,53,purchase,2024-01-13 07:05:00,direct,78.75
1195,20,click,2024-01-13 07:22:56,ad,4.7
463,33,impression,2024-01-13 07:29:41,ad,62.91
1626,46,purchase,2024-01-13 07:41:45,direct,57.3
925,3,click,2024-01-13 07:52:39,email,85.6
471,78,view,2024-01-13 07:55:18,email,55.57
840,87,add_to_cart,2024-01-13 07:57:42,ad,21.41
733,88,add_to_cart,2024-01-13 08:07:39,ad,63.76
1057,39,click,2024-01-13 08:14:19,direct,86.17
792,34,impression,2024-01-13 08:53:12,email,81.29
449,89,impression,2024-01-13 08:54:38,email,18.16
226,71,add_to_cart,2024-01-13 09:13:52,ad,6.33
181,62,purchase,2024-01-13 09:21:27,search,94.21
142,16,view,2024-01-13 09:26:12,direct,45.26
473,2,view,2024-01-13 09:41:16,direct,51.53
308,19,click,2024-01-13 09:45:05,direct,36.9
233,27,click,2024-01-13 09:51:14,direct,99.83
1232,25,view,2024-01-13 09:52:17,search,52.15
1920,59,add_to_cart,2024-01-13 09:57:51,direct,48.28
1007,73,impression,2024-01-13 10:02:09,direct,75.69
1048,42,click,2024-01-13 10:03:32,email,73.13
1187,62,view,2024-01-13 10:10:24,search,63.58
1933,54,purchase,2024-01-13 10:13:18,direct,93.1
1775,91,purchase,2024-01-13 10:15:31,direct,32.39
551,44,view,2024-01-13 10:36:43,search,36.9
1065,77,purchase,2024-01-13 10:46:31,search,36.17
890,52,view,2024-01-13 10:47:10,email,7.71
626,26,impression,2024-01-13 11:03:38,direct,81.49
1897,41,click,2024-01-13 11:08:46,ad,80.16
234,39,purchase,2024-01-13 11:11:25,search,96.3
359,93,click,2024-01-13 11:22:27,ad,89.3
1739,9,purchase,2024-01-13 11:28:07,ad,92.93
856,23,purchase,2024-01-13 11:31:39,direct,48.48
559,65,view,2024-01-13 11:33:32,search,5.31
401,56,add_to_cart,2024-01-13 11:48:55,ad,36.99
752,50,click,2024-01-13 11:53:14,direct,41.78
1445,55,click,2024-01-13 12:14:35,search,17.25
835,55,add_to_cart,2024-01-13 12:15:48,ad,97.31
61,94,purchase,2024-01-13 12:21:39,search,30.72
1675,30,view,2024-01-13 12:39:37,email,85.83
375,71,impression,2024-01-13 12:44:49,search,69.4
1137,45,purchase,2024-01-13 12:58:43,direct,99.96
1426,53,click,2024-01-13 13:02:09,email,51.49
1610,63,view,2024-01-13 13:32:36,ad,16.2
1245,83,purchase,2024-01-13 13:38:07,search,7.99
716,57,view,2024-01-13 13:44:18,ad,77.18
407,91,impression,2024-01-13 13:54:17,ad,74.46
482,37,add_to_cart,2024-01-13 14:15:40,direct,85.15
805,52,impression,2024-01-13 14:16:45,direct,23.95
1449,21,view,2024-01-13 14:20:27,search,42.8
979,87,purchase,2024-01-13 14:25:39,ad,71.71
1058,35,purchase,2024-01-13 14:33:03,search,15.3
1848,22,purchase,2024-01-13 14:33:33,ad,30.34
1260,99,purchase,2024-01-13 14:38:54,ad,82.37
650,4,click,2024-01-13 14:44:23,direct,69.37
1818,96,purchase,2024-01-13 14:52:12,email,40.52
498,13,click,2024-01-13 14:58:08,ad,11.95
528,66,add_to_cart,2024-01-13 15:00:58,email,79.58
1805,100,impression,2024-01-13 15:12:05,email,51.73
1180,70,impression,2024-01-13 15:14:54,search,63.44
801,13,purchase,2024-01-13 15:16:31,ad,98.11
1339,43,impression,2024-01-13 15:22:27,ad,39.5
1219,75,view,2024-01-13 15:31:04,search,66.52
1569,40,impression,2024-01-13 15:52:51,ad,88.74
1462,99,purchase,2024-01-13 15:59:01,search,80.93
942,28,click,2024-01-13 16:03:42,ad,87.1
113,39,impression,2024-01-13 16:18:15,ad,30.33
1433,91,view,2024-01-13 16:38:29,ad,16.94
385,68,purchase,2024-01-13 16:53:46,direct,21.22
1871,24,click,2024-01-13 17:05:28,direct,73.73
1027,77,impression,2024-01-13 17:05:54,direct,59.98
1996,100,impression,2024-01-13 17:10:51,direct,6.46
160,48,purchase,2024-01-13 17:11:23,ad,22.74
318,32,click,2024-01-13 17:14:25,email,34.64
349,73,add_to_cart,2024-01-13 17:16:16,direct,53.61
812,7,add_to_cart,2024-01-13 17:21:58,ad,42.2
1737,55,purchase,2024-01-13 17:35:47,email,21.33
896,23,view,2024-01-13 17:38:22,direct,6.34
1197,8,impression,2024-01-13 17:54:14,email,53.92
808,10,impression,2024-01-13 17:55:25,search,42.36
1036,12,purchase,2024-01-13 18:12:50,email,5.9
92,42,purchase,2024-01-13 18:13:32,email,6.83
282,100,add_to_cart,2024-01-13 18:22:01,direct,38.1
1364,62,purchase,2024-01-13 18:29:58,direct,66.58
1162,10,view,2024-01-13 19:07:21,ad,97.6
293,8,purchase,2024-01-13 19:14:11,direct,10.31
46,47,add_to_cart,2024-01-13 19:15:07,ad,67.32
1904,48,view,2024-01-13 19:34:39,email,80.95
673,97,view,2024-01-13 19:53:22,search,90.57
47,35,purchase,2024-01-13 20:11:06,ad,87.92
1505,68,purchase,2024-01-13 20:41:03,ad,22.5
791,55,add_to_cart,2024-01-13 20:49:25,direct,31.6
1961,20,add_to_cart,2024-01-13 20:51:16,direct,31.2
1262,54,purchase,2024-01-13 20:52:37,email,7.11
1794,24,view,2024-01-13 20:56:26,ad,78.21
1898,18,click,2024-01-13 21:07:07,direct,67.21
1523,50,click,2024-01-13 21:18:42,search,61.62
1594,61,impression,2024-01-13 21:27:58,search,78.86
1716,25,view,2024-01-13 21:47:32,ad,94.33
1224,74,purchase,2024-01-13 21:52:26,ad,55.84
908,69,view,2024-01-13 21:56:15,email,65.63
503,71,view,2024-01-13 22:12:30,search,6.19
1785,71,click,2024-01-13 22:15:35,ad,8.33
1758,95,click,2024-01-13 22:17:25,ad,29.61
1734,28,click,2024-01-13 22:42:23,email,73.75
1211,50,click,2024-01-13 23:02:29,search,3.29
1188,91,impression,2024-01-13 23:03:23,ad,7.63
131,69,add_to_cart,2024-01-13 23:05:40,direct,6.11
141,46,click,2024-01-13 23:09:27,search,39.46
1230,98,purchase,2024-01-13 23:23:36,search,19.13
342,9,view,2024-01-13 23:33:57,search,15.3
390,90,click,2024-01-13 23:57:19,direct,59.36
1097,74,add_to_cart,2024-01-14 00:09:40,search,17.96
1932,45,view,2024-01-14 00:15:47,ad,34.16
452,61,purchase,2024-01-14 00:17:31,ad,30.75
1689,48,impression,2024-01-14 00:44:36,email,22.82
250,37,click,2024-01-14 01:00:48,email,8.64
1881,7,view,2024-01-14 01:13:33,search,40.83
294,65,view,2024-01-14 01:53:37,ad,71.97
1351,52,impression,2024-01-14 02:13:04,email,66.53
22,87,click,2024-01-14 02:22:46,email,29.12
1748,4,view,2024-01-14 02:24:43,ad,16.13
529,83,add_to_cart,2024-01-14 02:25:43,email,11.55
255,39,add_to_cart,2024-01-14 02:35:48,search,78.68
897,93,click,2024-01-14 02:39:45,search,86.77
1774,95,impression,2024-01-14 02:51:12,direct,22.47
921,99,add_to_cart,2024-01-14 03:06:51,email,58.21
1994,92,view,2024-01-14 03:13:40,direct,4.73
779,21,click,2024-01-14 03:34:43,direct,90.26
169,41,add_to_cart,2024-01-14 03:36:11,search,84.15
201,18,click,2024-01-14 03:42:01,direct,33.96
1926,18,purchase,2024-01-14 03:42:41,direct,14.81
700,80,add_to_cart,2024-01-14 03:50:34,search,16.8
58,47,view,2024-01-14 03:57:45,ad,76.41
312,42,click,2024-01-14 04:19:11,ad,54.14
305,42,click,2024-01-14 04:36:16,email,0.52
1954,9,impression,2024-01-14 04:39:10,search,30.81
1460,69,add_to_cart,2024-01-14 04:59:03,search,41.96
134,29,click,2024-01-14 05:16:18,search,81.33
1466,6,purchase,2024-01-14 05:38:51,search,21.8
689,86,impression,2024-01-14 05:49:03,search,73.9
1639,28,add_to_cart,2024-01-14 05:51:18,direct,26.68
862,11,purchase,2024-01-14 05:53:23,email,38.59
1896,41,purchase,2024-01-14 06:36:11,email,94.36
488,54,purchase,2024-01-14 06:41:38,ad,28.13
555,18,click,2024-01-14 06:46:37,direct,41.77
502,91,view,2024-01-14 06:49:27,search,99.72
1450,23,click,2024-01-14 06:55:52,email,40.81
973,79,impression,2024-01-14 07:07:08,ad,94.49
813,29,add_to_cart,2024-01-14 07:45:50,email,82.32
583,70,view,2024-01-14 08:28:20,email,20.23
388,30,click,2024-01-14 08:31:24,search,29.59
1982,12,click,2024-01-14 08:51:42,ad,93.23
787,56,click,2024-01-14 08:52:43,direct,95.61
1047,17,impression,2024-01-14 08:57:14,ad,26.35
963,63,view,2024-01-14 08:59:09,search,77.98
276,38,click,2024-01-14 09:46:34,email,29.15
277,11,impression,2024-01-14 10:02:25,search,40.15
941,37,click,2024-01-14 10:05:13,email,89.28
764,13,add_to_cart,2024-01-14 10:07:25,search,18.87
688,87,view,2024-01-14 10:21:27,email,67.52
465,41,purchase,2024-01-14 10:22:45,email,77.18
1645,70,view,2024-01-14 10:25:23,email,33.52
525,76,view,2024-01-14 10:52:15,search,73.51
457,67,purchase,2024-01-14 10:57:01,email,65.75
777,88,impression,2024-01-14 10:57:35,ad,31.35
1358,36,view,2024-01-14 11:14:42,direct,54.1
1974,58,click,2024-01-14 11:37:13,email,24.72
1922,42,purchase,2024-01-14 12:17:28,email,66.97
1562,54,click,2024-01-14 12:25:34,ad,96.53
1784,71,impression,2024-01-14 12:26:44,search,76.55
1969,8,view,2024-01-14 12:28:56,ad,2.88
175,92,view,2024-01-14 12:53:49,search,78.72
1726,73,impression,2024-01-14 13:54:51,direct,27.19
1305,6,add_to_cart,2024-01-14 14:20:28,direct,78.28
519,87,add_to_cart,2024-01-14 14:21:56,search,22.16
617,68,view,2024-01-14 14:33:36,ad,76.68
462,13,purchase,2024-01-14 14:58:02,search,54.87
1077,47,view,2024-01-14 15:04:57,search,72.95
1338,5,impression,2024-01-14 15:09:58,email,10.6
817,94,add_to_cart,2024-01-14 15:18:03,search,54.65
1491,32,click,2024-01-14 15:23:05,direct,63.25
1117,27,impression,2024-01-14 15:37:21,email,2.15
91,71,add_to_cart,2024-01-14 15:37:54,ad,9.56
337,15,click,2024-01-14 15:55:50,direct,52.6
1561,17,view,2024-01-14 15:58:39,direct,91.43
698,61,view,2024-01-14 16:10:12,ad,66.36
1196,54,add_to_cart,2024-01-14 16:17:04,email,28.41
687,99,view,2024-01-14 16:20:43,direct,39.5
867,47,impression,2024-01-14 16:25:20,email,4.84
1617,93,purchase,2024-01-14 16:35:26,ad,67.28
1016,1,impression,2024-01-14 16:39:57,email,74.51
1281,73,add_to_cart,2024-01-14 17:00:55,ad,75.3
621,23,click,2024-01-14 17:42:14,direct,30.73
1669,95,impression,2024-01-14 17:54:20,ad,96.7
1924,23,click,2024-01-14 18:42:06,email,52.24
569,40,impression,2024-01-14 18:45:04,direct,44.39
939,77,purchase,2024-01-14 19:34:32,email,10.47
14,32,view,2024-01-14 19:38:14,direct,45.44
1286,28,click,2024-01-14 20:03:37,email,7.29
996,96,purchase,2024-01-14 20:12:49,direct,38.0
980,36,add_to_cart,2024-01-14 20:15:36,direct,13.3
391,69,click,2024-01-14 20:18:32,search,9.56
1895,62,purchase,2024-01-14 21:00:22,ad,39.29
762,26,view,2024-01-14 21:07:06,direct,92.6
496,3,purchase,2024-01-14 21:21:31,ad,23.18
27,16,impression,2024-01-14 21:22:12,search,77.81
1703,90,purchase,2024-01-14 21:27:31,search,84.3
1948,43,purchase,2024-01-14 21:28:08,email,60.49
1107,56,view,2024-01-14 21:34:28,email,62.41
702,88,add_to_cart,2024-01-14 21:35:29,email,64.82
241,81,view,2024-01-14 21:36:58,search,99.2
432,92,click,2024-01-14 21:41:03,ad,75.95
101,36,click,2024-01-14 21:44:14,ad,27.7
1476,18,impression,2024-01-14 22:16:22,ad,15.46
732,33,add_to_cart,2024-01-14 22:25:43,direct,6.6
1277,96,view,2024-01-14 22:39:20,direct,97.28
1519,89,add_to_cart,2024-01-14 22:39:27,direct,75.61
1095,2,view,2024-01-14 22:44:59,search,37.73
65,4,view,2024-01-14 22:52:39,search,70.21
960,71,view,2024-01-14 23:39:34,direct,64.95
1628,63,view,2024-01-14 23:44:40,search,48.14
1259,74,purchase,2024-01-14 23:53:14,direct,78.79
1647,13,click,2024-01-14 23:58:20,direct,55.4
